ID,_created_on,_last_updated_on,_revision,_partneruuid,SNAPSHOT_DATE,SKU,FNSKU,ASIN,PRODUCT_NAME,condition,AVALIABLE_QUANTITY_SELLABLE,QTY_WITH_REMOVALS_IN_PROGRESS,INV_AGE_0_TO_90_DAYS,INV_AGE_91_TO_180_DAYS,INV_AGE_181_TO_270_DAYS,INV_AGE_271_TO_365_DAYS,INV_AGE_365_PLUS_DAYS,CURRENCY,QTY_TO_BE_CHARGED_LTSF_6_MO,PROJECTED_LTSF_6_MO,QTY_TO_BE_CHARGED_LTSF_12_MO,PROJECTED_LTSF_12_MO,UNITS_SHIPPED_LAST_7_DAYS,UNITS_SHIPPED_LAST_30_DAYS,UNITS_SHIPPED_LAST_60_DAYS,UNITS_SHIPPED_LAST_90_DAYS,ALERT,YOUR_PRICE,SALES_PRICE,LOWEST_PRICE_NEW,LOWEST_PRICE_USED,RECOMMENDED_ACTION,HEALTHY_INVENTORY_LEVEL,RECOMMENDED_SALES_PRICE,RECOMMENDED_SALE_DURATION_DAYS,RECOMMENDED_REMOVAL_QUANTITY,ESTIMATED_COST_SAVINGS_OF_REMOVAL,SELL_THROUGH,CUBIC_FEET,STORAGE_TYPE,ESTIMATED_COST_SAVINGS_OF_RECOMMENDED_ACTIONS,ITEM_VOLUME,VOLUME_UNITS,MARKETPLACE,PRODUCT_GROUP,SALES_RANK,DAYS_OF_SUPPLY,ESTIMATED_EXCESS_QUANTITY,WEEKS_OF_COVER_T30,WEEKS_OF_COVER_T90,FEATURED_OFFER_PRICE,SALES_SHIPPED_LAST_7_DAYS,SALES_SHIPPED_LAST_30_DAYS,SALES_SHIPPED_LAST_60_DAYS,SALES_SHIPPED_LAST_90_DAYS,INV_AGE_0_TO_30_DAYS,INV_AGE_31_TO_60_DAYS,INV_AGE_61_TO_90_DAYS,INV_AGE_181_TO_330_DAYS,INV_AGE_331_TO_365_DAYS,estimated_storage_cost_next_30-days,INBOUND_QUANTITY,INBOUND_WORKING,INBOUND_SHIPPED,INBOUND_RECEIVED,NO_SALE_LAST_6_MONTHS
1000,2023-03-07T03:58:53.87+09:00,2023-03-07T04:06:54.724+09:00,2,5c15d817-5a2c-4d77-bec4-80f5a6460f2e,2023-03-04T17:00:00+09:00,FBA-OTG-RAM-JINMD-6CUP,X002SS7MLD,B003YH19TC,"[OTTOGI] Jin Ramen Mild, KOREAN STYLE INSTANT CUP NOODLE, (65g) -6 Pack",New,921,0,921,0,0,0,0,USD,0,0,0,0,103,413,923,1369,,15.29,15.29,15.29,0,GoToRestock,888,0,0,0,0,1.84,201.935052,Standard,0,0.273996,cubic feet,US,gl_grocery,0,56,0,7,7,15.29,1586.57,6418.31,14465.45,21630.67,826,95,0,0,0,155.03,10,0,10,0,0
1001,2023-03-07T03:58:53.87+09:00,2023-03-07T04:06:54.724+09:00,2,5c15d817-5a2c-4d77-bec4-80f5a6460f2e,2023-03-04T17:00:00+09:00,FBA-OTG-RAM-JINMD-1BOX,X002T0AM71,B005RU9JHI,"[OTTOGI] Jin Ramen, Mild Flavor - Korean Instant Ramen Noodle, Best Tasting Soup Traditional Instant Ramen (120g) -18 Pack",New,1727,0,1727,0,0,0,0,USD,0,0,0,0,285,1064,2217,3154,,26.22,26.22,26.22,0,GoToRestock,2132,0,0,0,0,2.17,524.955582,Standard,0,0.499482,cubic feet,US,gl_grocery,2300,49,0,5,6,26.22,7473.67,28002.55,58573.94,85046.06,1727,0,0,0,0,680.05,500,0,0,500,0
1002,2023-03-07T03:58:53.87+09:00,2023-03-07T04:06:54.724+09:00,2,5c15d817-5a2c-4d77-bec4-80f5a6460f2e,2023-03-04T17:00:00+09:00,FBA-OTG-RCE-CKD-210G,X002SZBTXD,B007Y9NH32,"[OTTOGI] Delicious COOKED RICE, Gluten free, Microwavable instant cooked rice, Precooked ready to eat container (7.40oz., 12 count)",New,982,0,982,0,0,0,0,USD,0,0,0,0,300,1438,2387,3011,,24.95,24.95,24.95,0,GoToRestock,2365,0,0,0,0,1.96,345.875904,Standard,0,0.436712,cubic feet,US,gl_grocery,5726,50,0,6,9,24.95,7496.98,35955.76,60634.49,77640.54,864,118,0,0,0,651.81,1500,0,0,1500,0
1003,2023-03-07T03:58:53.87+09:00,2023-03-07T04:06:54.724+09:00,2,5c15d817-5a2c-4d77-bec4-80f5a6460f2e,2023-03-04T17:00:00+09:00,FBA-OTG-NDLE-VER-500G,X002SS7BOL,B00CR3ZN0U,"[OTTOGI] Korean Vermicelli Glass Noodle, Sweet Potato Noodles, 100% Sweet Potato Starch 17.63 Oz",New,208,0,208,0,0,0,0,USD,0,0,0,0,42,111,213,249,Low traffic,12.3,12.3,12.3,0,GoToRestock,202,0,0,0,0,2.29,41.656664,Standard,0,0.212534,cubic feet,US,gl_grocery,35761,93,0,7,10,12.3,516.6,1365.3,2619.9,3062.78,208,0,0,0,0,29.12,0,0,0,0,0
1004,2023-03-07T03:58:53.87+09:00,2023-03-07T04:06:54.724+09:00,2,5c15d817-5a2c-4d77-bec4-80f5a6460f2e,2023-03-04T17:00:00+09:00,FBA-OTG-SWD-CUT-SWEED-50G-1P,X003KQNAOZ,B00I0DHSV8,Ottogi Cut Seaweed (50g) ??? ?? ?? ?? (50g),New,47,0,47,0,0,0,0,USD,0,0,0,0,0,12,13,13,Low traffic,13.99,13.99,9.7,0,NoExcessInventory,47,0,0,0,0,0.25,1.175,Standard,0,0.025,cubic feet,US,gl_grocery,0,193,0,15,47,9.7,0,173.88,187.87,187.87,0,47,0,0,0,0.85,0,0,0,0,0
1005,2023-03-07T03:58:53.87+09:00,2023-03-07T04:06:54.724+09:00,2,5c15d817-5a2c-4d77-bec4-80f5a6460f2e,2023-03-04T17:00:00+09:00,FBA-OTG-TEA-GINGER-1KG,X00317NKH5,B00IJQ4XCI,"Ottogi Honey Ginger Tea, 35 oz.",New,62,0,62,0,0,0,0,USD,0,0,0,0,6,32,79,100,Low traffic,20.18,20.18,20.18,0,GoToRestock,52,0,0,0,0,4.94,4.081104,Standard,0,0.086832,cubic feet,US,gl_grocery,78048,50,0,5,6,20.18,121.71,651.17,1577.17,1991.5,62,0,0,0,0,2.82,0,0,0,0,0
1006,2023-03-07T03:58:53.87+09:00,2023-03-07T04:06:54.724+09:00,2,5c15d817-5a2c-4d77-bec4-80f5a6460f2e,2023-03-04T17:00:00+09:00,FBA-OTG-RAM-SSME-5PK,X002SXB4AX,B00J2K0MRU,"[OTTOGI] Sesame Flavor Ramen, KOREAN STYLE INSTANT NOODLE, Contains Egg Block, Sesame flavor instant noodle (115g) - 5 Pack",New,1,0,1,0,0,0,0,USD,0,0,0,0,11,162,377,512,,0,0,-1,-1,GoToRestock,0,0,0,0,0,3.3,0,Standard,0,0.169412,cubic feet,US,gl_grocery,0,0,0,0,0,19.99,136.1,2023.15,4770.32,6511.66,1,0,0,0,0,0,7,0,7,0,0
1007,2023-03-07T03:58:53.87+09:00,2023-03-07T04:06:54.724+09:00,2,5c15d817-5a2c-4d77-bec4-80f5a6460f2e,2023-03-04T17:00:00+09:00,FBA-OTG-RAM-YEUL-5PK,X002T042CH,B00JMM1VIW,"[OTTOGI] Yeul Ramen SUPER SPICY, Korean Style Instant Noodle, Traditional Korean instant ramen extreme super hot ramen (120g) - 5 Pack�",New,167,0,167,0,0,0,0,USD,0,0,0,0,20,74,135,257,,11,11,11,0,NoExcessInventory,152,0,0,0,0,2.05,29.18856,Standard,0,0.19203,cubic feet,US,gl_grocery,31935,54,0,8,7,11,220,815.7,1519.94,2943.22,160,7,0,0,0,19.07,0,0,0,0,0
1008,2023-03-07T03:58:53.87+09:00,2023-03-07T04:06:54.724+09:00,2,5c15d817-5a2c-4d77-bec4-80f5a6460f2e,2023-03-04T17:00:00+09:00,FBA-OTG-RAM-BEI-JJNG-5PK,X002SSDYCT,B00JMMKY2Q,"[OTTOGI] BEIJING JJAJANG RAMEN, Stir Fried Black Bean Flavor, Korean style instant noodle, Jjajang Noodle, Jjajangmyeon, (135g)- 5 Pack",New,176,0,176,0,0,0,0,USD,0,0,0,0,12,30,78,109,Low traffic,11.55,11.55,11.55,0,NoExcessInventory,175,0,0,0,0,1.31,34.878703,Standard,0,0.201611,cubic feet,US,gl_grocery,65214,194,0,23,20,11.54,139.06,348.93,915.82,1286.31,176,0,0,0,0,25.57,0,0,0,0,0
1009,2023-03-07T03:58:53.87+09:00,2023-03-07T04:06:54.724+09:00,2,5c15d817-5a2c-4d77-bec4-80f5a6460f2e,2023-03-04T17:00:00+09:00,FBA-OTG-OTG-RAM-SNCK-5PK-NEW,X002UZYC71,B00JMMS324,"[OTTOGI] Snack Ramen, KOREAN STYLE INSTANT NOODLE, Traditional Korean Instant Ramen, with Thin Noodle and Mild Flavor(108g) - 5 Pack�",New,68,0,68,0,0,0,0,USD,0,0,0,0,10,28,63,83,Low traffic,13.48,13.48,13.48,0,GoToRestock,66,0,0,0,0,2.7,8.205665,Standard,0,0.126241,cubic feet,US,gl_grocery,66492,93,0,9,10,13.48,134.8,377.44,740.49,950.37,68,0,0,0,0,5.74,0,0,0,0,0
1010,2023-03-07T03:58:53.87+09:00,2023-03-07T04:06:54.724+09:00,2,5c15d817-5a2c-4d77-bec4-80f5a6460f2e,2023-03-04T17:00:00+09:00,FBA-OTG-SWD-SWEED-100G-1P,X003KQRVL3,B0143QY67O,[OTTOGI] Dried Seaweed (100g),New,60,0,60,0,0,0,0,USD,0,0,0,0,0,0,0,0,Low traffic,17.99,17.99,13.5,0,Create sale,0,13.5,63,0,0,0,9.04638,Standard,1696.26,0.150773,cubic feet,US,gl_grocery,158621,999,0,0,0,13.5,0,0,0,0,0,60,0,0,0,6.89,0,0,0,0,0
1011,2023-03-07T03:58:53.87+09:00,2023-03-07T04:06:54.724+09:00,2,5c15d817-5a2c-4d77-bec4-80f5a6460f2e,2023-03-04T17:00:00+09:00,FBA-OTG-TEA-CITRON-1KG,X00317J53N,B017TY9LQI,"[OTTOGI] Honey Citron Tea, soothing Korean tea 35 Ounces",New,98,0,98,0,0,0,0,USD,0,0,0,0,23,138,205,269,,20.5,20.5,20.5,0,GoToRestock,200,0,0,0,0,6.11,7.792377,Standard,0,0.112933,cubic feet,US,gl_grocery,44157,54,0,5,8,26.99,471.98,2875.41,4289.11,5639.51,98,0,0,0,0,14.1,108,0,0,108,0
1012,2023-03-07T03:58:53.87+09:00,2023-03-07T04:06:54.724+09:00,2,5c15d817-5a2c-4d77-bec4-80f5a6460f2e,2023-03-04T17:00:00+09:00,FBA-OTG-NDLE-VER-WIDE-400G,X0032GNAH5,B01BZGS0YU,"[OTTOGI] Wide Vermicelli, Versatile Glass Noodles (400g)",New,69,0,69,0,0,0,0,USD,0,0,0,0,4,12,31,39,Low traffic,8.79,8.79,8.79,0,NoExcessInventory,69,0,0,0,0,1.32,6.497316,Standard,0,0.094164,cubic feet,US,gl_grocery,160019,179,0,23,23,8.79,35.16,105.48,272.49,342.81,69,0,0,0,0,4.73,0,0,0,0,0
1013,2023-03-07T03:58:53.87+09:00,2023-03-07T04:06:54.724+09:00,2,5c15d817-5a2c-4d77-bec4-80f5a6460f2e,2023-03-04T17:00:00+09:00,FBA-OTG-OIL-SESAME-500ML-NEW,X002V05CW9,B01FO8O59E,"[OTTOGI] Premium Roasted Sesame Oil, 100% Pure sesame oil, Traditional Korean Style oil (16.90 fl oz. 500ml)",New,82,0,82,0,0,0,0,USD,0,0,0,0,128,365,755,1079,,15.83,15.83,15.83,0,GoToRestock,59,0,0,0,0,3.71,0.94095,Standard,0,0.027675,cubic feet,US,gl_grocery,8451,3,0,0,0,15.83,2031.54,5849.09,12426.13,17914.84,82,0,0,0,0,0.36,0,0,0,0,0
1014,2023-03-07T03:58:53.87+09:00,2023-03-07T04:06:54.724+09:00,2,5c15d817-5a2c-4d77-bec4-80f5a6460f2e,2023-03-04T17:00:00+09:00,FBA-OTG-OIL-SESAME-1650ML-1P,X003P1Y86J,B01FY82IYS,Premium Roasted Ottogi Sesame Oil (56 fl.oz.: 1650ml),New,183,0,183,0,0,0,0,USD,0,0,0,0,74,82,82,82,,27.98,27.98,27.98,0,NoExcessInventory,165,0,0,0,0,0.44,6.34016,Standard,0,0.079252,cubic feet,US,gl_grocery,8451,172,0,3,12,27.98,2070.52,2294.36,2294.36,2294.36,183,0,0,0,0,9.46,0,0,0,0,0
1015,2023-03-07T03:58:53.87+09:00,2023-03-07T04:06:54.724+09:00,2,5c15d817-5a2c-4d77-bec4-80f5a6460f2e,2023-03-04T17:00:00+09:00,FBA-OTG-OIL-SESAME-320ML,X002SS24E3,B01MF9B0OV,"[OTTOGI] Premium Roasted Sesame Oil, 100% Pure Sesame Oil, Tradtional Korean Style oil (10.82 fl oz. 320ml)",New,776,0,776,0,0,0,0,USD,0,0,0,0,158,495,970,1418,,12.95,12.95,12.95,0,GoToRestock,721,0,0,0,0,3.45,46.99296,Standard,0,0.07056,cubic feet,US,gl_grocery,13872,42,0,5,6,12.95,2053.33,6510.05,12443.86,17631.02,776,0,0,0,0,31.81,12,0,12,0,0
1016,2023-03-07T03:58:53.87+09:00,2023-03-07T04:06:54.724+09:00,2,5c15d817-5a2c-4d77-bec4-80f5a6460f2e,2023-03-04T17:00:00+09:00,FBA-OTG-RAM-JIN-JJBB-4PK,X002T0FQQN,B01MT9N372,[OTTOGI] JIN Jjambbong- Korean Style Instant Noodle - Spicy Seafood Noodle (130g) - 4 Pack,New,140,0,140,0,0,0,0,USD,0,0,0,0,27,118,213,314,,12.17,12.17,12.17,0,GoToRestock,321,0,0,0,0,3.39,23.66602,Standard,0,0.190855,cubic feet,US,gl_grocery,0,74,0,10,13,12.17,331.05,1456.6,2645.4,3920.02,140,0,0,0,0,41.86,200,0,8,192,0
1017,2023-03-07T03:58:53.87+09:00,2023-03-07T04:06:54.724+09:00,2,5c15d817-5a2c-4d77-bec4-80f5a6460f2e,2023-03-04T17:00:00+09:00,FBA-OTG-SWD-CUT-STNGL-150G-1P,X003KQN7Q1,B07215WSMM,[OTTOGI] Sea Tangle 150g - Kombu 5.29 Ounce - Dashi Kombu Green,New,38,0,38,0,0,0,0,USD,0,0,0,0,1,11,12,12,Low traffic,19.99,19.99,13.99,0,NoExcessInventory,38,0,0,0,0,0.28,2.816484,Standard,0,0.074118,cubic feet,US,gl_grocery,141542,128,0,13,41,19.99,19.99,219.89,239.88,239.88,0,38,0,0,0,1.99,0,0,0,0,0
1018,2023-03-07T03:58:53.87+09:00,2023-03-07T04:06:54.724+09:00,2,5c15d817-5a2c-4d77-bec4-80f5a6460f2e,2023-03-04T17:00:00+09:00,FBA-OTG-SWD-SWEED-250G-1P,X003KQNBRL,B072MK5TTK,[OTTOGI] Dried Seaweed 250g - Wakame (8.82 Ounce),New,49,0,49,0,0,0,0,USD,0,0,0,0,0,1,1,1,Low traffic,22.96,22.96,22.95,0,Advertise listing,0,22.34,217,0,0,0.02,17.636717,Oversize,3270.45,0.359933,cubic feet,US,gl_grocery,87651,366,0,196,637,22.96,0,22.99,22.99,22.99,0,49,0,0,0,8.56,0,0,0,0,0
1019,2023-03-07T03:58:53.87+09:00,2023-03-07T04:06:54.724+09:00,2,5c15d817-5a2c-4d77-bec4-80f5a6460f2e,2023-03-04T17:00:00+09:00,FBA-OTG-SCE-BIBIM-500G,X002SWU1XF,B07FN7DBY8,"[OTTOGI] Bibimjang, Korean Gochujang Red Pepper Paste, Spicy paste dressing (500g) - 1 Pack",New,47,0,47,0,0,0,0,USD,0,0,0,0,9,27,63,82,Low traffic,12.53,12.53,12.53,0,GoToRestock,47,0,0,0,0,2.36,1.170495,Standard,0,0.026011,cubic feet,US,gl_grocery,88830,73,0,6,7,12.53,113.45,343.92,811.75,1062.29,47,0,0,0,0,0.82,0,0,0,0,0
1020,2023-03-07T03:58:53.87+09:00,2023-03-07T04:06:54.724+09:00,2,5c15d817-5a2c-4d77-bec4-80f5a6460f2e,2023-03-04T17:00:00+09:00,FBA-OTG-SCE-ONIPCKL-275G,X002T04EBL,B07MVXN9C7,"[OTTOGI] PICKLING SAUCE FOR ONION, great dipping sauce for Korean BBQ (275g)",New,95,0,95,0,0,0,0,USD,0,0,0,0,5,30,53,79,Low traffic,8.34,8.34,8.34,0,GoToRestock,95,0,0,0,0,1.51,1.613322,Standard,0,0.017163,cubic feet,US,gl_grocery,151585,95,0,12,15,8.34,41.7,250.2,442.02,658.86,90,5,0,0,0,1.14,0,0,0,0,0
1021,2023-03-07T03:58:53.87+09:00,2023-03-07T04:06:54.724+09:00,2,5c15d817-5a2c-4d77-bec4-80f5a6460f2e,2023-03-04T17:00:00+09:00,FBA-OTG-RCE-NTB-436G,X002SZA5TH,B07NQPZDRV,"[OTTOGI] NOODLE TTEOK-BOKKI, Spicy Rice Cake, Korean Soul Food, Serving for two (436g)",New,11,0,11,0,0,0,0,USD,0,0,0,0,12,37,86,103,Low traffic,12.99,12.99,12.99,0,GoToRestock,1,0,0,0,0,7.1,0,Standard,0,0.067679,cubic feet,US,gl_grocery,35710,0,0,0,0,12.99,155.88,480.63,1003.42,1190.01,11,0,0,0,0,0.01,0,0,0,0,0
1022,2023-03-07T03:58:53.87+09:00,2023-03-07T04:06:54.724+09:00,2,5c15d817-5a2c-4d77-bec4-80f5a6460f2e,2023-03-04T17:00:00+09:00,FBA-OTG-RAM-JINSP-6CUP-2,X002T6SXDZ,B07PJ7RS6Q,"[OTTOGI] JIN RAMEN KOREAN STYLE INSTANT NOODLE, RICH SPICY FLAVOR, Instant Cup Ramen, Best tasting soup ramen, traditional gourmet taste & easy to cook (65g) - 6 PACK",New,574,0,574,0,0,0,0,USD,0,0,0,0,97,381,856,1297,,15.31,15.31,15.31,0,GoToRestock,536,0,0,0,0,1.55,140.75694,Standard,0,0.27438,cubic feet,US,gl_grocery,16747,36,0,5,5,15.31,1489.39,5913.27,13496.58,20655.63,514,3,57,0,0,86.48,0,0,0,0,0
1023,2023-03-07T03:58:53.87+09:00,2023-03-07T04:06:54.724+09:00,2,5c15d817-5a2c-4d77-bec4-80f5a6460f2e,2023-03-04T17:00:00+09:00,FBA-OTG-PSH-BUL-24PK,X002T0FRR1,B088G2QTLM,[OTTOGI] PPUSHU PPUSHU NOODLE SNACK- Bulgogi Flavor (90g) - 24 Pack,New,1,0,1,0,0,0,0,USD,0,0,0,0,11,31,50,50,Low traffic,31.5,31.5,31.5,0,GoToRestock,24,0,0,0,0,22.22,0,Standard,0,0.584031,cubic feet,US,gl_grocery,121720,25,0,3,6,31.5,346.5,976.52,1576.81,1576.81,1,0,0,0,0,7.66,25,0,1,24,0
1024,2023-03-07T03:58:53.87+09:00,2023-03-07T04:06:54.724+09:00,2,5c15d817-5a2c-4d77-bec4-80f5a6460f2e,2023-03-04T17:00:00+09:00,FBA-OTG-PSH-CHI-24PK,X002T08WS7,B089NZ28K9,[OTTOGI] PPUSHU PPUSHU NOODLE SNACK- Grilled Chicken Flavor(90g) - 24 Pack,New,18,0,18,0,0,0,0,USD,0,0,0,0,5,16,31,31,Low traffic,32.08,32.08,32.08,0,NoExcessInventory,41,0,0,0,0,4.28,9.512944,Standard,0,0.594559,cubic feet,US,gl_grocery,120296,120,0,10,17,32.08,160.4,513.88,996.38,996.38,18,0,0,0,0,17.03,25,0,1,24,0
1025,2023-03-07T03:58:53.87+09:00,2023-03-07T04:06:54.724+09:00,2,5c15d817-5a2c-4d77-bec4-80f5a6460f2e,2023-03-04T17:00:00+09:00,FBA-OTG-PSH-RCE-24PK,X002T08XPT,B089P2MDG5,[OTTOGI] PPUSHU PPUSHU NOODLE SNACK- Spicy Rice Cake Flavor (90g) - 24 Pack,New,20,0,20,0,0,0,0,USD,0,0,0,0,1,12,30,30,Low traffic,30.89,30.89,30.89,0,NoExcessInventory,43,0,0,0,0,4,8.522976,Standard,0,0.532686,cubic feet,US,gl_grocery,119526,102,0,13,17,30.89,30.92,371.04,929.33,929.33,20,0,0,0,0,16.11,25,0,1,24,0
1026,2023-03-07T03:58:53.87+09:00,2023-03-07T04:06:54.724+09:00,2,5c15d817-5a2c-4d77-bec4-80f5a6460f2e,2023-03-04T17:00:00+09:00,FBA-OTG-RAM-JINSP-1BOX,X002SS5BUH,B089P3X44P,"[OTTOGI] Jin Ramen, Spicy Flavor - Korean Instant Ramen Noodle, Best Tasting Soup Traditional Instant Ramen (120g) -18 Pack",New,1632,0,1632,0,0,0,0,USD,0,0,0,0,281,1181,2156,2683,,25.75,25.75,25.75,0,GoToRestock,2062,0,0,0,0,1.97,500.700312,Standard,0,0.488012,cubic feet,US,gl_grocery,2326,50,0,5,7,25.71,7267.91,30643.53,56358.86,70837.81,1632,0,0,0,0,632.61,503,0,3,500,0
1027,2023-03-07T03:58:53.87+09:00,2023-03-07T04:06:54.724+09:00,2,5c15d817-5a2c-4d77-bec4-80f5a6460f2e,2023-03-04T17:00:00+09:00,FBA-OTG-RAM-JINMD-4PK-NEW,X002V0DVD1,B08HYH7HWP,"[OTTOGI] Jin Ramen MILD - KOREAN STYLE INSTANT NOODLE, Best Tasting Soup and noodles, Traditional Instant ramen noodles (120g) - 4 Pack",New,159,0,159,0,0,0,0,USD,0,0,0,0,93,322,590,1001,,10.95,10.95,10.95,0,GoToRestock,139,0,0,0,0,3.22,11.853662,Standard,0,0.111827,cubic feet,US,gl_grocery,2300,11,0,1,1,10.95,1018.35,3522.9,6401.87,11013.31,10,149,0,0,0,5.84,10,0,10,0,0
1028,2023-03-07T03:58:53.87+09:00,2023-03-07T04:06:54.724+09:00,2,5c15d817-5a2c-4d77-bec4-80f5a6460f2e,2023-03-04T17:00:00+09:00,FBA-OTG-RAM-JINSP-4PK-NEW,X002V03WOT,B08HZFQY2M,"[OTTOGI] Jin Ramen, Spicy Flavor - Korean Instant Ramen Noodle, Best Tasting Soup Traditional Instant Ramen (120g) - 4 Pack",New,354,0,354,0,0,0,0,USD,0,0,0,0,34,243,524,798,,9.5,9.5,9.17,0,GoToRestock,346,0,0,0,0,1.89,37.960508,Standard,0,0.138542,cubic feet,US,gl_grocery,2300,56,0,6,6,9.5,323,2308.5,5020.31,8088.94,243,111,0,0,0,29.05,119,0,119,0,0
1029,2023-03-07T03:58:53.87+09:00,2023-03-07T04:06:54.724+09:00,2,5c15d817-5a2c-4d77-bec4-80f5a6460f2e,2023-03-04T17:00:00+09:00,FBA-OTG-RAM-CHSE-SPCY-4PK,X0032GHGN9,B08LBCP3FZ,"[OTTOGI] Cheese Ramen Spicy Flavor, KOREAN STYLE INSTANT NOODLE, deliciously cheesy and spicy (111g) - 4 pack",New,144,0,144,0,0,0,0,USD,0,0,0,0,9,75,160,266,,13.19,13.19,13.19,0,GoToRestock,138,0,0,0,0,2.72,17.51778,Standard,0,0.13903,cubic feet,US,gl_grocery,30703,51,0,6,6,13.19,118.71,989.25,2110.4,3508.54,80,64,0,0,0,11.71,0,0,0,0,0
1030,2023-03-07T03:58:53.87+09:00,2023-03-07T04:06:54.724+09:00,2,5c15d817-5a2c-4d77-bec4-80f5a6460f2e,2023-03-04T17:00:00+09:00,FBA-OTG-SCE-BBQSWEET-480G,X002T0OU7J,B08WJSCKHH,"[OTTOGI] Korean BBQ Sauce SWEET & SAVORY, Marinade & Cooking sauce 480G",New,49,0,49,0,0,0,0,USD,0,0,0,0,2,4,11,11,Low traffic,13.19,13.19,13.19,0,Advertise listing,2,12.66,231,0,0,0.42,2.820799,Standard,13.88,0.060017,cubic feet,US,gl_grocery,168346,126,0,47,55,13.19,26.38,52.76,145.09,145.09,0,49,0,0,0,2.17,0,0,0,0,0
1031,2023-03-07T03:58:53.87+09:00,2023-03-07T04:06:54.724+09:00,2,5c15d817-5a2c-4d77-bec4-80f5a6460f2e,2023-03-04T17:00:00+09:00,FBA-OTG-SCE-BBQHOT-500G,X002T0LV2L,B08WJTVGH5,"[OTTOGI] Authentic Korean BBQ Sauce Hot & Spicy, Marinade & Cooking Sauce 500g",New,45,0,45,0,0,0,0,USD,0,0,0,0,1,2,5,12,Low traffic,12.19,12.19,12.19,0,NoExcessInventory,45,0,0,0,0,0.52,2.83824,Standard,0,0.063072,cubic feet,US,gl_grocery,168346,181,0,90,48,12.19,12.19,24.38,60.95,146.28,45,0,0,0,0,2.12,0,0,0,0,0
1032,2023-03-07T03:58:53.87+09:00,2023-03-07T04:06:54.724+09:00,2,5c15d817-5a2c-4d77-bec4-80f5a6460f2e,2023-03-04T17:00:00+09:00,FBA-OTG-3MIN-CURRYMLD-3PK,X002THG59D,B08XN1MSWW,"[OTTOGI] 3Min.Curry Sauce (MILD), Ready in 3minutes (190g)- 3 Pack",New,19,0,0,0,1,18,0,USD,0,0,0,0,0,0,3,5,Low traffic,14.29,14.29,14.29,0,Create outlet deal,0,10,21,0,0,0.24,1.876991,Standard,615.8,0.098789,cubic feet,US,gl_grocery,0,305,19,0,49,14.29,0,0,42.87,71.45,0,0,0,1,18,4.09,0,0,0,0,0
1033,2023-03-07T03:58:53.87+09:00,2023-03-07T04:06:54.724+09:00,2,5c15d817-5a2c-4d77-bec4-80f5a6460f2e,2023-03-04T17:00:00+09:00,FBA-OTG-RCE-NTB-2PK,X002THG9NZ,B08XN2DZN8,"[OTTOGI] NOODLE TTEOK-BOKKI, Spicy Rice Cake, Korean Soul Food, Serving for two (436g) - 2 Pack",New,1,0,1,0,0,0,0,USD,0,0,0,0,5,23,56,73,,0,0,-1,-1,GoToRestock,0,0,0,0,0,3.65,0,Standard,0,0.344269,cubic feet,US,gl_grocery,35710,0,0,0,0,20.14,100.7,463.22,1127.84,1470.22,1,0,0,0,0,0,0,0,0,0,0
1034,2023-03-07T03:58:53.87+09:00,2023-03-07T04:06:54.724+09:00,2,5c15d817-5a2c-4d77-bec4-80f5a6460f2e,2023-03-04T17:00:00+09:00,FBA-OTG-RAM-JIN-JJBB-8PK,X002THKQM5,B08XN2F8XZ,[OTTOGI] JIN Jjambbong- Korean Style Instant Noodle - Spicy Seafood Noodle (130g) - 8 Pack,New,92,0,92,0,0,0,0,USD,0,0,0,0,27,88,168,237,,21.54,21.54,21.54,0,GoToRestock,227,0,0,0,0,2.79,25.351326,Standard,0,0.378378,cubic feet,US,gl_grocery,45125,76,0,9,11,21.54,581.62,1900.37,3640.13,5155.3,92,0,0,0,0,58.35,144,0,0,144,0
1035,2023-03-07T03:58:53.87+09:00,2023-03-07T04:06:54.724+09:00,2,5c15d817-5a2c-4d77-bec4-80f5a6460f2e,2023-03-04T17:00:00+09:00,FBA-OTG-3MIN-CURRYSPI-3PK,X002TK9B5Z,B08XN2GH61,"[OTTOGI] 3Min.Curry Sauce (SPICY), Ready in 3minutes (190g)- 3 Pack",New,47,0,0,2,0,40,5,USD,0,0,5,0.75,0,6,8,13,Low traffic,9.5,9.5,9.5,0,Create outlet deal,0,6.65,343,0,0,0.24,0.874012,Standard,395.04,0.018596,cubic feet,US,gl_grocery,0,366,47,31,47,9.5,0,57,76,123.5,0,0,0,0,40,2.52,0,0,0,0,0
1036,2023-03-07T03:58:53.87+09:00,2023-03-07T04:06:54.724+09:00,2,5c15d817-5a2c-4d77-bec4-80f5a6460f2e,2023-03-04T17:00:00+09:00,FBA-OTG-3MIN-JJANG-3PK,X002THG58T,B08XN2S45Y,"[OTTOGI] 3Min Black Bean Sauce, Ready in 3minutes (160g) - 3 Pack",New,16,0,16,0,0,0,0,USD,0,0,0,0,10,43,47,49,Low traffic,12.07,12.07,12.07,0,NoExcessInventory,95,0,0,0,0,5.6,1.129583,Standard,0,0.086891,cubic feet,US,gl_grocery,71965,80,0,8,24,12.07,121.46,524.16,573,597.42,16,0,0,0,0,5.66,80,0,0,80,0
1037,2023-03-07T03:58:53.87+09:00,2023-03-07T04:06:54.724+09:00,2,5c15d817-5a2c-4d77-bec4-80f5a6460f2e,2023-03-04T17:00:00+09:00,FBA-OTG-SCE-BIBIM-2PK,X002THKQMZ,B08XN2VXH1,"[OTTOGI] BIBIM SAUCE Bibimjang, Korean Gochujang Red Pepper Paste, Spicy paste dressing (500g) - 2 Pack",New,11,0,0,11,0,0,0,USD,0,0,0,0,1,1,1,2,Low traffic,20.89,20.89,20.89,0,Create outlet deal,0,14.62,364,0,0,0.17,0.676357,Standard,242.67,0.061487,cubic feet,US,gl_grocery,0,191,11,44,71,20.89,20.89,20.89,20.89,41.78,0,0,0,0,0,0.51,0,0,0,0,0
1038,2023-03-07T03:58:53.87+09:00,2023-03-07T04:06:54.724+09:00,2,5c15d817-5a2c-4d77-bec4-80f5a6460f2e,2023-03-04T17:00:00+09:00,FBA-OTG-RAM-JINMD-8PK,X002THKQMP,B08XN36BHV,"[OTTOGI] Jin Ramen MILD - KOREAN STYLE INSTANT NOODLE, Best Tasting Soup and noodles, Traditional Instant ramen noodles (120g) - 8 Pack",New,123,0,123,0,0,0,0,USD,0,0,0,0,9,31,102,132,,18.75,18.75,16.99,0,NoExcessInventory,119,0,0,0,0,2.32,43.049678,Standard,0,0.361762,cubic feet,US,gl_grocery,2300,158,0,15,11,16.99,168.75,573.53,1838.13,2411.15,120,3,0,0,0,31.12,0,0,0,0,0
1039,2023-03-07T03:58:53.87+09:00,2023-03-07T04:06:54.724+09:00,2,5c15d817-5a2c-4d77-bec4-80f5a6460f2e,2023-03-04T17:00:00+09:00,FBA-OTG-RCE-KIMTUNACUP-2PK,X002TK9HC7,B08XN3C7WZ,"[OTTOGI] Kimchi & Tuna Dupbap, Microwavable, Stir fried Kimchi sauce with Tuna (280g) - 2 Pack",New,48,0,48,0,0,0,0,USD,0,0,0,0,0,0,2,5,Low traffic,16.49,16.49,16.49,0,Advertise listing,0,16.2,210,0,0,0.19,10.209744,Standard,2081.37,0.212703,cubic feet,US,gl_grocery,0,366,0,0,124,16.49,0,0,32.98,82.45,48,0,0,0,0,7.28,0,0,0,0,0
1040,2023-03-07T03:58:53.87+09:00,2023-03-07T04:06:54.724+09:00,2,5c15d817-5a2c-4d77-bec4-80f5a6460f2e,2023-03-04T17:00:00+09:00,FBA-OTG-RAM-CHSE-8PK,X002THKQN9,B08XN3CTFJ,"[OTTOGI] Cheese Ramen, KOREAN STYLE INSTANT NOODLE, Rich flavor with savory cheese (111g) - 8 Pack",New,269,0,269,0,0,0,0,USD,0,0,0,0,29,51,53,245,,22.67,22.67,22.67,0,NoExcessInventory,263,0,0,0,0,2.13,93.918532,Standard,0,0.369758,cubic feet,US,gl_grocery,30703,157,0,19,13,22.67,662.09,1167.63,1205.63,4888.49,269,0,0,0,0,69.33,0,0,0,0,0
1041,2023-03-07T03:58:53.87+09:00,2023-03-07T04:06:54.724+09:00,2,5c15d817-5a2c-4d77-bec4-80f5a6460f2e,2023-03-04T17:00:00+09:00,FBA-OTG-RCE-BIBIMCUP-2PK,X002THG5AH,B08XN3JLDK,"[OTTOGI] HOT STONE POT Bibimbap Cupbap, Microwavable, Stir-Fried Vegetable Rice bowl with Red Pepper bibim sauce (269g) - 2 Pack",New,36,0,36,0,0,0,0,USD,0,0,0,0,4,13,30,38,Low traffic,15.11,15.11,15.11,0,GoToRestock,32,0,0,0,0,1.88,10.004768,Standard,0,0.312649,cubic feet,US,gl_grocery,146805,56,0,9,10,15.11,60.44,196.43,455.19,577.19,36,0,0,0,0,6.81,0,0,0,0,0
1042,2023-03-07T03:58:53.87+09:00,2023-03-07T04:06:54.724+09:00,2,5c15d817-5a2c-4d77-bec4-80f5a6460f2e,2023-03-04T17:00:00+09:00,FBA-OTG-RAM-SSME-10PK,X002THG5AR,B08XN4BWXB,"[OTTOGI] Sesame Flavor Ramen, KOREAN STYLE INSTANT NOODLE, Contains Egg Block, Sesame flavor instant noodle (115g) - 10 Pack",New,5,0,5,0,0,0,0,USD,0,0,0,0,34,102,178,258,,0,0,-1,-1,GoToRestock,0,0,0,0,0,3.85,0,Standard,0,0.5324,cubic feet,US,gl_grocery,56114,0,0,0,0,33.79,698.98,2129.78,3785.06,5540.08,1,4,0,0,0,0,1,0,1,0,0
1043,2023-03-07T03:58:53.87+09:00,2023-03-07T04:06:54.724+09:00,2,5c15d817-5a2c-4d77-bec4-80f5a6460f2e,2023-03-04T17:00:00+09:00,FBA-OTG-3MIN CURRYMED-3PK,X002THKUR1,B08XN4V4CM,"[OTTOGI] 3Min.Curry Sauce (MEDIUM), Ready in 3minutes (190g)- 3 Pack",New,11,0,11,0,0,0,0,USD,0,0,0,0,14,36,37,41,Low traffic,12.87,12.87,12.87,0,GoToRestock,10,0,0,0,0,9.65,0.917019,Standard,0,0.101891,cubic feet,US,gl_grocery,62991,8,0,1,2,12.87,180.74,464.76,477.67,529.44,11,0,0,0,0,0.33,0,0,0,0,0
1044,2023-03-07T03:58:53.87+09:00,2023-03-07T04:06:54.724+09:00,2,5c15d817-5a2c-4d77-bec4-80f5a6460f2e,2023-03-04T17:00:00+09:00,FBA-OTG-PSH-VARI-8PK,X002THKQMF,B08XN4Z675,"[OTTOGI] PPUSHU PPUSHU NOODLE SNACK- 2 of each Bbq, Bulgogi, Grilled Chicken, Spicy Rice Cake Flavors Variety Pack (90g) - 8 Pack",New,19,0,19,0,0,0,0,USD,0,0,0,0,39,126,308,328,,15.2,15.2,15.2,0,GoToRestock,12,0,0,0,0,4.74,3.56667,Standard,0,0.356667,cubic feet,US,gl_grocery,0,3,0,0,0,15.2,592.8,1918.26,4819.86,5141.1,1,18,0,0,0,0.82,6,0,6,0,0
1045,2023-03-07T03:58:53.87+09:00,2023-03-07T04:06:54.724+09:00,2,5c15d817-5a2c-4d77-bec4-80f5a6460f2e,2023-03-04T17:00:00+09:00,FBA-OTG-RAM-JINSP-8PK,X002THG59N,B08XN5FRZ2,"[OTTOGI] Jin Ramen Spicy, Korean Style Instant Noodle, Best Tasting Soup Traditional Instant Ramen (120g) - 8 Pack",New,188,0,188,0,0,0,0,USD,0,0,0,0,24,96,213,327,,16.99,16.99,16.99,0,GoToRestock,177,0,0,0,0,1.61,35.296596,Standard,0,0.202854,cubic feet,US,gl_grocery,2300,55,0,7,6,16.99,407.76,1631.04,3625.88,5668.76,86,1,101,0,0,23.47,0,0,0,0,0
1046,2023-03-07T03:58:53.87+09:00,2023-03-07T04:06:54.724+09:00,2,5c15d817-5a2c-4d77-bec4-80f5a6460f2e,2023-03-04T17:00:00+09:00,FBA-OTG-PSH-VARI-4PK,X002THKUQR,B08XN5J4XH,"[OTTOGI] PPUSHU PPUSHU NOODLE SNACK- 1 of each Bbq, Bulgogi, Grilled Chicken, Spicy Rice Cake Flavors Variety Pack (90g) - 4 Pack",New,192,0,192,0,0,0,0,USD,0,0,0,0,2,18,57,140,Low traffic,11.06,11.06,11.06,0,NoExcessInventory,191,0,0,0,0,1.14,28.811752,Standard,0,0.153254,cubic feet,US,gl_grocery,0,243,0,41,17,11.05,22.28,204.29,663.93,1649.96,12,180,0,0,0,21.45,0,0,0,0,0
1047,2023-03-07T03:58:53.87+09:00,2023-03-07T04:06:54.724+09:00,2,5c15d817-5a2c-4d77-bec4-80f5a6460f2e,2023-03-04T17:00:00+09:00,FBA-OTG-RAM-YEUL-10PK,X002THG9NF,B08XN5SKLJ,"[OTTOGI] Yeul Ramen SUPER SPICY, Korean Style Instant Noodle, Traditional Korean instant ramen extreme super hot ramen (120g) - 10 Pack�",New,110,0,110,0,0,0,0,USD,0,0,0,0,26,90,180,205,,19.33,19.33,19.33,0,GoToRestock,105,0,0,0,0,3.49,57.113804,Standard,0,0.664114,cubic feet,US,gl_grocery,25520,41,0,4,5,19.33,503.64,1749.1,3521.35,4017.61,110,0,0,0,0,42.92,4,0,4,0,0
1048,2023-03-07T03:58:53.87+09:00,2023-03-07T04:06:54.724+09:00,2,5c15d817-5a2c-4d77-bec4-80f5a6460f2e,2023-03-04T17:00:00+09:00,FBA-OTG-RAM-PLAIN-16PK,X002THKQNT,B08XN72LFP,"[OTTOGI] PLAIN INSTANT NOODLE, For all kinds of pot stew, food cooked in a casserole, For Hot Pot, Shabu Shabu, and stews (110g) - 16 Pack",New,86,0,86,0,0,0,0,USD,0,0,0,0,31,86,146,146,Low traffic,16.49,16.49,16.49,0,GoToRestock,83,0,0,0,0,3.79,15.833988,Standard,0,0.293222,cubic feet,US,gl_grocery,63421,38,0,2,5,16.49,511.19,1417.98,2403.23,2403.23,86,0,0,0,0,14.58,3,0,3,0,0
1049,2023-03-07T03:58:53.87+09:00,2023-03-07T04:06:54.724+09:00,2,5c15d817-5a2c-4d77-bec4-80f5a6460f2e,2023-03-04T17:00:00+09:00,FBA-OTG-RAM-CHSE-4PK-NEW,X002UZVMXN,B091X2QB7H,"[OTTOGI] Cheese Ramen, KOREAN STYLE INSTANT NOODLE, Rich flavor with savory cheese (111g) - 4 Pack",New,1074,0,1074,0,0,0,0,USD,0,0,0,0,239,805,1505,2135,,11.9,11.9,11.9,0,GoToRestock,1024,0,0,0,0,3.38,148.207104,Standard,0,0.171536,cubic feet,US,gl_grocery,9093,35,0,4,5,11.9,2850.89,9645.36,18159.2,24767.7,1074,0,0,0,0,106.66,1,0,1,0,0
1050,2023-03-07T03:58:53.87+09:00,2023-03-07T04:06:54.724+09:00,2,5c15d817-5a2c-4d77-bec4-80f5a6460f2e,2023-03-04T17:00:00+09:00,FBA-OTG-RAM-JINVEGE-4PK,X002WMM4JF,B095FZNBKG,"[OTTOGI] Jin Ramen Veggie, Veggie Noodle Soup, Vegan Korean Style Instant Noodle (110g) - 4 Pack",New,49,0,49,0,0,0,0,USD,0,0,0,0,36,132,244,439,,11.17,11.17,11.17,0,NoExcessInventory,401,0,0,0,0,1.94,5.091636,Standard,0,0.149754,cubic feet,US,gl_grocery,34984,114,0,11,11,11.17,402.12,1475.74,2794.4,5151.95,1,3,45,0,0,41.48,360,0,0,360,0
1051,2023-03-07T03:58:53.87+09:00,2023-03-07T04:06:54.724+09:00,2,5c15d817-5a2c-4d77-bec4-80f5a6460f2e,2023-03-04T17:00:00+09:00,FBA-OTG-SCE-CKENOGN-300G,X002YQZ9B9,B09B2TPWL1,"[OTTOGI] KOREAN YANG-NYEOM CHICKEN SAUCE, Original Flavor 300g",New,29,0,29,0,0,0,0,USD,0,0,0,0,6,15,15,15,Low traffic,10.38,10.38,10.38,0,GoToRestock,29,0,0,0,0,2,0.39045,Standard,0,0.015618,cubic feet,US,gl_grocery,167361,62,0,6,21,10.38,62.28,155.7,155.7,155.7,29,0,0,0,0,0.33,0,0,0,0,0
1052,2023-03-07T03:58:53.87+09:00,2023-03-07T04:06:54.724+09:00,2,5c15d817-5a2c-4d77-bec4-80f5a6460f2e,2023-03-04T17:00:00+09:00,FBA-OTG-SCE-CKENSPI-300G,X002YR8JHJ,B09B2TVZ9L,"[OTTOGI] KOREAN YANG-NYEOM CHICKEN SAUCE, Extremely Spicy Flavor 300g",New,5,0,5,0,0,0,0,USD,0,0,0,0,1,13,13,20,Low traffic,10.24,10.24,10.24,0,NoExcessInventory,49,0,0,0,0,2.5,0.057348,Standard,0,0.014337,cubic feet,US,gl_grocery,165982,130,0,15,31,10.24,10.24,133.12,133.12,204.8,0,5,0,0,0,0.51,45,0,0,45,0
1053,2023-03-07T03:58:53.87+09:00,2023-03-07T04:06:54.724+09:00,2,5c15d817-5a2c-4d77-bec4-80f5a6460f2e,2023-03-04T17:00:00+09:00,FBA-OTG-NDLE-VER-EXWIDE-300G,X0032GIVZV,B09L2M3HV8,"[OTTOGI] Chinese Extra Wide Vermicelli, versatile glass noodles (300g)",New,251,0,251,0,0,0,0,USD,0,0,0,0,78,346,567,893,,8.77,8.77,8.77,0,GoToRestock,700,0,0,0,0,3.13,11.991375,Standard,0,0.057375,cubic feet,US,gl_grocery,19828,64,0,7,10,8.77,684.06,3034.42,4972.59,7831.61,243,8,0,0,0,26.2,482,0,2,480,0
1054,2023-03-07T03:58:53.87+09:00,2023-03-07T04:06:54.724+09:00,2,5c15d817-5a2c-4d77-bec4-80f5a6460f2e,2023-03-04T17:00:00+09:00,FBA-OTG-TEA-CITRON-STICK-300G,X0032GQXZB,B09L2QLNP7,"[OTTOGI] I’M STICK CITRON TEA, individually packaged tea base in a single serve stick, no caffeine (300g) - 10 pack",New,39,0,39,0,0,0,0,USD,0,0,0,0,1,10,24,31,Low traffic,8.46,8.46,8.46,0,NoExcessInventory,35,0,0,0,0,1.02,1.00187,Standard,0,0.026365,cubic feet,US,gl_grocery,132439,109,0,15,15,8.46,8.46,84.6,203.04,262.68,1,38,0,0,0,0.62,0,0,0,0,0
1055,2023-03-07T03:58:53.87+09:00,2023-03-07T04:06:54.724+09:00,2,5c15d817-5a2c-4d77-bec4-80f5a6460f2e,2023-03-04T17:00:00+09:00,FBA-OTG-TEA-GINGER-STICK-300G,X0032GUI9N,B09L2RS83N,"[OTTOGI] I’M STICK GINGER TEA, individually packaged tea base in a single serve stick, no caffeine (300g) - 10 pack",New,64,0,64,0,0,0,0,USD,0,0,0,0,0,0,0,1,Low traffic,9.22,9.22,9.22,0,Advertise listing,0,8.76,56,0,0,0.03,1.934976,Standard,572.01,0.030234,cubic feet,US,gl_grocery,570754,366,0,0,832,9.22,0,0,0,9.22,48,16,0,0,0,1.47,0,0,0,0,0
1056,2023-03-07T03:58:53.87+09:00,2023-03-07T04:06:54.724+09:00,2,5c15d817-5a2c-4d77-bec4-80f5a6460f2e,2023-03-04T17:00:00+09:00,FBA-OTG-RAM-ODTO-4PK,X0034BV8E5,B09PWR1WS4,"[OTTOGI] ODONGTONG MYON, KOREAN STYLE INSTANT NOODLE! SPICY SEAFOOD UDON FLAVOR (120g) - 4 Pack",New,80,0,80,0,0,0,0,USD,0,0,0,0,6,18,58,92,Low traffic,12.76,12.76,12.76,0,NoExcessInventory,77,0,0,0,0,1.67,12.136047,Standard,0,0.157611,cubic feet,US,gl_grocery,145119,73,0,17,10,12.74,76.96,231.5,637.45,980.31,64,16,0,0,0,8.24,0,0,0,0,0
1057,2023-03-07T03:58:53.87+09:00,2023-03-07T04:06:54.724+09:00,2,5c15d817-5a2c-4d77-bec4-80f5a6460f2e,2023-03-04T17:00:00+09:00,FBA-OTG-RAM-CHSE-SPCY-8PK,X0037VO141,B09XQ2HZYL,"[OTTOGI] Cheese Ramen Spicy Flavor, KOREAN STYLE INSTANT NOODLE, deliciously cheesy and spicy (111g) - 8 pack",New,137,0,137,0,0,0,0,USD,0,0,0,0,1,23,24,31,,24.09,24.09,24.09,0,NoExcessInventory,137,0,0,0,0,0.85,18.14025,Standard,0,0.135375,cubic feet,US,gl_grocery,30703,263,0,23,56,24.09,24.09,554.07,578.16,746.79,137,0,0,0,0,13.42,0,0,0,0,0
1058,2023-03-07T03:58:53.87+09:00,2023-03-07T04:06:54.724+09:00,2,5c15d817-5a2c-4d77-bec4-80f5a6460f2e,2023-03-04T17:00:00+09:00,FBA-OTG-RAM-JIN-JJNG-8PK,X0039C7EUB,B0B1VXVPVQ,"[OTTOGI] JIN Jjajang- Korean Style Instant Noodle -Jjajang Noodle, Jjajangmyeon, (135g) - 8 Pack",New,22,0,22,0,0,0,0,USD,0,0,0,0,13,47,78,78,Low traffic,22.3,22.3,22.3,0,GoToRestock,20,0,0,0,0,1.63,5.97282,Standard,0,0.398188,cubic feet,US,gl_grocery,70770,11,0,1,2,22.29,290.91,1056.83,1767.5,1767.5,0,0,22,0,0,2.95,0,0,0,0,0
1059,2023-03-07T03:58:53.87+09:00,2023-03-07T04:06:54.724+09:00,2,5c15d817-5a2c-4d77-bec4-80f5a6460f2e,2023-03-04T17:00:00+09:00,FBA-OTG-RAM-GOMTN-4PK,X0039KU4TL,B0B2BBCR14,[OTTOGI] Gomtang Noodle - Korean Bone broth Instant Noodle soup -Gomtang noodles (130g) - 4 Pack,New,30,0,30,0,0,0,0,USD,0,0,0,0,5,10,30,43,Low traffic,13.45,13.45,13.45,0,GoToRestock,30,0,0,0,0,1.62,4.22787,Standard,0,0.140929,cubic feet,US,gl_grocery,190751,80,0,12,9,13.45,67.75,136.14,412.37,596.92,30,0,0,0,0,2.91,0,0,0,0,0
1060,2023-03-07T03:58:53.87+09:00,2023-03-07T04:06:54.724+09:00,2,5c15d817-5a2c-4d77-bec4-80f5a6460f2e,2023-03-04T17:00:00+09:00,FBA-OTG-RAM-CHSEFRY-SPCY-4PK,X003ADPXDT,B0B47PMYJ6,"[OTTOGI] Spicy Stir Fry Cheese Ramen, KOREAN STYLE INSTANT NOODLE, deliciously cheesy and spicy (130g) - 4 Pack",New,144,0,144,0,0,0,0,USD,0,0,0,0,6,7,53,87,Low traffic,14.29,14.29,14.29,0,NoExcessInventory,151,0,0,0,0,1.25,24.50123,Standard,0,0.182845,cubic feet,US,gl_grocery,75502,159,0,76,20,14.29,85.74,100.03,756.91,1242.43,144,0,0,0,0,20.55,0,0,0,0,0
1061,2023-03-07T03:58:53.87+09:00,2023-03-07T04:06:54.724+09:00,2,5c15d817-5a2c-4d77-bec4-80f5a6460f2e,2023-03-04T17:00:00+09:00,FBA-OTG-RCE-ABLNPRDG-2PK,X003AK2XSP,B0B4TBWTX1,"[OTTOGI] Rice Porridge with Abalone, Microwavable, Instant Abalone Porridge, Korean Rice (280g) - 2 Pack",New,71,0,71,0,0,0,0,USD,0,0,0,0,19,53,106,119,Low traffic,12.35,12.35,12.35,0,GoToRestock,64,0,0,0,0,1.83,4.421152,Standard,0,0.096112,cubic feet,US,gl_grocery,88940,35,0,3,5,12.35,234.65,656.55,1316.4,1482.83,61,1,9,0,0,3.94,1,0,1,0,0
1062,2023-03-07T03:58:53.87+09:00,2023-03-07T04:06:54.724+09:00,2,5c15d817-5a2c-4d77-bec4-80f5a6460f2e,2023-03-04T17:00:00+09:00,FBA-OTG-SCE-STIRSQUID-120G-2P,X003ESZ7K9,B0BGMDC97H,"[OTTOGI] Korean Marinade, Hot Sauce for Stir-Fried Squid (120g) - 2 pack",New,25,0,0,25,0,0,0,USD,0,0,0,0,0,3,4,6,Low traffic,13.99,13.99,13.99,0,NoExcessInventory,26,0,0,0,0,0.08,0.6186,Standard,0.9,0.024744,cubic feet,US,gl_grocery,303001,157,0,33,54,13.99,0,41.97,55.96,83.94,0,0,0,0,0,0.48,0,0,0,0,0
1063,2023-03-07T03:58:53.87+09:00,2023-03-07T04:06:54.724+09:00,2,5c15d817-5a2c-4d77-bec4-80f5a6460f2e,2023-03-04T17:00:00+09:00,FBA-OTG-KIT-POJEBI-265G-1P,X003ESZ993,B0BGMGJ2ZD,"[OTTOGI] Korean Potato soup with Gnocchi, Potato Sujebi Kit 265g (265g)",New,22,0,13,9,0,0,0,USD,0,0,0,0,0,4,8,15,Low traffic,14.99,14.99,14.99,0,NoExcessInventory,22,0,0,0,0,0.79,1.5697,Standard,0,0.07135,cubic feet,US,gl_grocery,357401,122,0,22,19,14.99,0,59.96,119.92,224.85,13,0,0,0,0,1.11,0,0,0,0,0
1064,2023-03-07T03:58:53.87+09:00,2023-03-07T04:06:54.724+09:00,2,5c15d817-5a2c-4d77-bec4-80f5a6460f2e,2023-03-04T17:00:00+09:00,OTG-RAM-JINMD-6BOWL-1BOX-2,X003KJC0GV,B0BN4NPTZZ,"[OTTOGI] JIN RAMEN MILD, KOREAN STYLE INSTANT NOODLE, RICH FLAVOR, Instant Cup Bowl Ramen, Best tasting ramyun, Traditional gourmet taste [6 BOWL] (110gX6)-1 BOX",New,21,0,21,0,0,0,0,USD,0,0,0,0,27,125,176,176,,24.99,24.99,24.99,0,GoToRestock,16,0,0,0,0,1.43,4.057725,Oversize,0,0.579675,cubic feet,US,gl_grocery,16747,1,0,0,0,24.99,674.73,3123.75,4398.24,4398.24,2,19,0,0,0,1.22,1,0,1,0,0
1065,2023-03-07T03:58:53.87+09:00,2023-03-07T04:06:54.724+09:00,2,5c15d817-5a2c-4d77-bec4-80f5a6460f2e,2023-03-04T17:00:00+09:00,FBA-OTG-RAM-JINSP-6BOWL-1BOX-2,X003KJ95CN,B0BN4PP4DW,"[OTTOGI] JIN RAMEN SPICY, KOREAN STYLE INSTANT NOODLE, RICH SPICY FLAVOR, Instant Cup Bowl Ramen, Best tasting ramyun, Traditional gourmet taste [6 BOWL] (110gX6)-1 BOX",New,320,0,320,0,0,0,0,USD,0,0,0,0,29,118,166,166,,24.99,24.99,24.99,0,GoToRestock,311,0,0,0,0,0.5,137.27412,Standard,0,0.465336,cubic feet,US,gl_grocery,16747,71,0,10,23,24.99,724.71,2948.82,4148.34,4148.34,0,320,0,0,0,98.63,0,0,0,0,0
1066,2023-03-07T03:58:53.87+09:00,2023-03-07T04:06:54.724+09:00,2,5c15d817-5a2c-4d77-bec4-80f5a6460f2e,2023-03-04T17:00:00+09:00,FBA-OTG-RAM-CHSE-6CUP-1BOX,X003PJ1503,B0BV7L7PMG,"[OTTOGI] Cheese Cup Ramen, KOREAN STYLE INSTANT NOODLE, Rich savory cheese flavor ramen soup (62g) - 6 Pack",New,199,0,199,0,0,0,0,USD,0,0,0,0,1,1,1,1,Low traffic,19.49,19.49,19.49,0,NoExcessInventory,209,0,0,0,0,0.01,53.888932,Standard,11537.36,0.277778,cubic feet,US,gl_grocery,75066,366,0,776,2522,19.49,19.49,19.49,19.49,19.49,199,0,0,0,0,44.15,0,0,0,0,0
