ID,_created_on,_last_updated_on,_revision,_partneruuid,_row_index,DATE_TIME,SETTLEMENT_ID,type,ORDER_ID,SKU,DESCRIPTION,QUANTITY,MARKETPLACE,FULFILLMENT,ORDER_CITY,ORDER_STATE,ORDER_POSTAL,PRODUCT_SALES,SHIPPING_CREDITS,GIFT_WRAP_CREDITS,PROMOTIONAL_REBATES,SALES_TAX_COLLECTED,MARKETPLACE_FACILITATOR_TAX,SELLING_FEES,FBA_FEES,OTHER_TRANSACTION_FEES,OTHER,TOTAL,ACCOUNT_TYPE,MARKETPLACE_WITHHELD_TAX,TAX_COLLECTION_MODEL,PRODUCT_SALES_TAX,SHIPPING_CREDITS_TAX,GIFTWRAP_CREDITS_TAX,PROMOTIONAL_REBATES_TAX
1408,2023-03-07T05:04:29.227+09:00,2023-03-07T05:04:29.227+09:00,1,5c15d817-5a2c-4d77-bec4-80f5a6460f2e,0,2022-03-18T06:51:57+09:00,15577058021,Order,112-6769366-4153856,FBA-OTG-RAM-JINSP-1BOX,"[OTTOGI] Jin Ramen, Spicy Flavor - Korean Instant Ramen Noodle, Best Tasting Soup Traditional Instant Ramen (120g) -18 Pack",1,amazon.com,Amazon,RIVERHEAD,NY,11901-5609,25.99,2.7,0,-2.7,0,0,-3.9,-7.33,0,0,14.76,Invoiced Orders,0,MarketplaceFacilitator,0,0,0,0
1409,2023-03-07T05:04:29.227+09:00,2023-03-07T05:04:29.227+09:00,1,5c15d817-5a2c-4d77-bec4-80f5a6460f2e,0,2022-03-18T11:32:09+09:00,15643653871,Transfer,,,"To your account ending in: 349, Bank Transfer ID: 157UV9EGKSUZ2DZ",0,,,,,,0,0,0,0,0,0,0,0,0,-14.76,-14.76,Invoiced Orders,0,,0,0,0,0
1410,2023-03-07T05:04:29.227+09:00,2023-03-07T05:04:29.227+09:00,1,5c15d817-5a2c-4d77-bec4-80f5a6460f2e,0,2022-04-16T06:47:49+09:00,15643653871,Order,112-6127503-6224268,FBA-OTG-RAM-JINMD-6CUP,"[OTTOGI] Jin Ramen Mild, KOREAN STYLE INSTANT CUP NOODLE, (65g) -6 Pack",1,amazon.com,Amazon,BALTIMORE,MD,21218,16.47,0,0,0,0,0,-2.47,-6.43,0,0,7.57,Invoiced Orders,0,MarketplaceFacilitator,0,0,0,0
1411,2023-03-07T05:04:29.227+09:00,2023-03-07T05:04:29.227+09:00,1,5c15d817-5a2c-4d77-bec4-80f5a6460f2e,0,2022-04-16T06:56:15+09:00,15643653871,Order,112-6127503-6224268,FBA-OTG-RAM-JINMD-6CUP,"[OTTOGI] Jin Ramen Mild, KOREAN STYLE INSTANT CUP NOODLE, (65g) -6 Pack",1,amazon.com,Amazon,BALTIMORE,MD,21218,16.47,0,0,0,0,0,-4.94,-6.43,0,0,5.1,Invoiced Orders,0,MarketplaceFacilitator,0,0,0,0
1412,2023-03-07T05:04:29.227+09:00,2023-03-07T05:04:29.227+09:00,1,5c15d817-5a2c-4d77-bec4-80f5a6460f2e,0,2022-04-16T06:56:15+09:00,15643653871,Order,112-6127503-6224268,FBA-OTG-RAM-JINMD-6CUP,"[OTTOGI] Jin Ramen Mild, KOREAN STYLE INSTANT CUP NOODLE, (65g) -6 Pack",1,amazon.com,Amazon,BALTIMORE,MD,21218,16.47,0,0,0,0,0,0,-6.43,0,0,10.04,Invoiced Orders,0,,0,0,0,0
1005,2023-03-07T04:09:02.966+09:00,2023-03-07T04:09:02.966+09:00,1,5c15d817-5a2c-4d77-bec4-80f5a6460f2e,0,2021-12-25T10:33:20+09:00,15108529291,Order,112-3104175-5114669,FBA-OTG-RAM-JINMD-6CUP,"[OTTOGI] Jin Ramen Mild, KOREAN STYLE INSTANT CUP NOODLE, (65g) -6 Pack",1,amazon.com,Amazon,STUDIO CITY,CA,91604-2611,14.97,0.83,0,-0.83,0,0,-1.2,-5.98,0,0,7.79,Invoiced Orders,0,MarketplaceFacilitator,0,0,0,0
1006,2023-03-07T04:09:02.966+09:00,2023-03-07T04:09:02.966+09:00,1,5c15d817-5a2c-4d77-bec4-80f5a6460f2e,0,2022-01-08T12:27:34+09:00,15174683181,Transfer,,,"To your account ending in: 349, Bank Transfer ID: 2A8E5H1BF3ALNZ9",0,,,,,,0,0,0,0,0,0,0,0,0,-7.79,-7.79,Invoiced Orders,0,,0,0,0,0
1007,2023-03-07T04:09:03.502+09:00,2023-03-07T04:09:03.502+09:00,1,5c15d817-5a2c-4d77-bec4-80f5a6460f2e,0,2022-01-30T08:10:49+09:00,15174683181,Order,113-3718956-1844215,FBA-OTG-RCE-CKD-210G,"[OTTOGI] Delicious COOKED RICE, Gluten free, Microwavable instant cooked rice, Precooked ready to eat container (7.40oz., 12 count)",1,amazon.com,Amazon,San Jose,CA,95131,24.8,0,0,0,0,0,-3.72,-7.18,0,0,13.9,Invoiced Orders,0,MarketplaceFacilitator,0,0,0,0
1008,2023-03-07T04:09:03.502+09:00,2023-03-07T04:09:03.502+09:00,1,5c15d817-5a2c-4d77-bec4-80f5a6460f2e,0,2022-02-05T12:31:41+09:00,15376322061,Transfer,,,"To your account ending in: 349, Bank Transfer ID: 5MQCFL9IIEBYFM5",0,,,,,,0,0,0,0,0,0,0,0,0,-13.9,-13.9,Invoiced Orders,0,,0,0,0,0
1009,2023-03-07T04:09:03.502+09:00,2023-03-07T04:09:03.502+09:00,1,5c15d817-5a2c-4d77-bec4-80f5a6460f2e,0,2022-02-15T14:14:55+09:00,15376322061,Order,111-8747443-5654663,FBA-OTG-RAM-CHSE-4PK-NEW,"[OTTOGI] Cheese Ramen, KOREAN STYLE INSTANT NOODLE, Rich flavor with savory cheese (111g) - 4 Pack",2,amazon.com,Amazon,SAINT ROSE,LA,70087-3001,25.98,0,0,0,0,0,-2.08,-11.36,0,0,12.54,Invoiced Orders,-1.3,MarketplaceFacilitator,1.3,0,0,0
1010,2023-03-07T04:09:03.502+09:00,2023-03-07T04:09:03.502+09:00,1,5c15d817-5a2c-4d77-bec4-80f5a6460f2e,0,2022-02-18T12:26:52+09:00,15508675821,Transfer,,,"To your account ending in: 349, Bank Transfer ID: 2CHRCJUF0AKNLGY",0,,,,,,0,0,0,0,0,0,0,0,0,-12.54,-12.54,Invoiced Orders,0,,0,0,0,0
1011,2023-03-07T04:09:03.502+09:00,2023-03-07T04:09:03.502+09:00,1,5c15d817-5a2c-4d77-bec4-80f5a6460f2e,0,2022-02-20T17:14:19+09:00,15508675821,Order,114-5402040-5393005,FBA-OTG-RAM-JINSP-6CUP-2,"[OTTOGI] JIN RAMEN KOREAN STYLE INSTANT NOODLE, RICH SPICY FLAVOR, Instant Cup Ramen, Best tasting soup ramen, traditional gourmet taste & easy to coo",1,amazon.com,Amazon,ANKENY,IA,50021-9517,14.99,0,0,0,0,0,-1.2,-6.43,0,0,7.36,Invoiced Orders,0,MarketplaceFacilitator,0,0,0,0
1012,2023-03-07T04:09:03.502+09:00,2023-03-07T04:09:03.502+09:00,1,5c15d817-5a2c-4d77-bec4-80f5a6460f2e,0,2022-03-03T17:01:26+09:00,15508675821,Order,112-1597455-0569022,FBA-OTG-RAM-JINSP-1BOX,"[OTTOGI] Jin Ramen, Spicy Flavor - Korean Instant Ramen Noodle, Best Tasting Soup Traditional Instant Ramen (120g) -18 Pack",1,amazon.com,Amazon,OAKLAND,CA,94607,25.41,0,0,0,0,0,-3.81,-6.88,0,0,14.72,Invoiced Orders,0,MarketplaceFacilitator,0,0,0,0
1013,2023-03-07T04:09:03.502+09:00,2023-03-07T04:09:03.502+09:00,1,5c15d817-5a2c-4d77-bec4-80f5a6460f2e,0,2022-03-04T12:26:18+09:00,15577058021,Transfer,,,"To your account ending in: 349, Bank Transfer ID: 4DON5442JT701KM",0,,,,,,0,0,0,0,0,0,0,0,0,-22.08,-22.08,Invoiced Orders,0,,0,0,0,0
1014,2023-03-07T04:12:04.799+09:00,2023-03-07T04:12:04.799+09:00,1,5c15d817-5a2c-4d77-bec4-80f5a6460f2e,0,2021-09-18T11:18:14+09:00,14662531931,Transfer,,,"To your account ending in: 349, Bank Transfer ID: 4XZ4F8HL11P209W",0,,,,,,0,0,0,0,0,0,0,0,0,-8.39,-8.39,Invoiced Orders,0,,0,0,0,0
1015,2023-03-07T04:12:05.411+09:00,2023-03-07T04:12:05.411+09:00,1,5c15d817-5a2c-4d77-bec4-80f5a6460f2e,0,2021-10-14T04:14:02+09:00,14662531931,Order,112-5172795-6633051,FBA-OTG-RAM-JINMD-6CUP,"[OTTOGI] Jin Ramen Mild, KOREAN STYLE INSTANT CUP NOODLE, (65g) -6 Pack",1,amazon.com,Amazon,BURLINGTON,WI,53105-8601,11.96,0,0,0,0,0,-3.84,-5.98,0,0,2.14,Invoiced Orders,0,MarketplaceFacilitator,0,0,0,0
1016,2023-03-07T04:12:05.411+09:00,2023-03-07T04:12:05.411+09:00,1,5c15d817-5a2c-4d77-bec4-80f5a6460f2e,0,2021-10-14T04:14:02+09:00,14662531931,Order,112-5172795-6633051,FBA-OTG-RAM-JINMD-6CUP,"[OTTOGI] Jin Ramen Mild, KOREAN STYLE INSTANT CUP NOODLE, (65g) -6 Pack",1,amazon.com,Amazon,BURLINGTON,WI,53105-8601,11.96,0,0,0,0,0,0,-5.98,0,0,5.98,Invoiced Orders,0,,0,0,0,0
1017,2023-03-07T04:12:05.411+09:00,2023-03-07T04:12:05.411+09:00,1,5c15d817-5a2c-4d77-bec4-80f5a6460f2e,1,2021-10-14T04:14:02+09:00,14662531931,Order,112-5172795-6633051,FBA-OTG-RAM-JINMD-6CUP,"[OTTOGI] Jin Ramen Mild, KOREAN STYLE INSTANT CUP NOODLE, (65g) -6 Pack",1,amazon.com,Amazon,BURLINGTON,WI,53105-8601,11.96,0,0,0,0,0,0,-5.98,0,0,5.98,Invoiced Orders,0,,0,0,0,0
1018,2023-03-07T04:12:05.411+09:00,2023-03-07T04:12:05.411+09:00,1,5c15d817-5a2c-4d77-bec4-80f5a6460f2e,2,2021-10-14T04:14:02+09:00,14662531931,Order,112-5172795-6633051,FBA-OTG-RAM-JINMD-6CUP,"[OTTOGI] Jin Ramen Mild, KOREAN STYLE INSTANT CUP NOODLE, (65g) -6 Pack",1,amazon.com,Amazon,BURLINGTON,WI,53105-8601,11.96,0,0,0,0,0,0,-5.98,0,0,5.98,Invoiced Orders,0,,0,0,0,0
1019,2023-03-07T04:12:05.411+09:00,2023-03-07T04:12:05.411+09:00,1,5c15d817-5a2c-4d77-bec4-80f5a6460f2e,0,2021-10-16T11:42:53+09:00,14854553311,Transfer,,,"To your account ending in: 349, Bank Transfer ID: 4MY4TFG23L8R6GP",0,,,,,,0,0,0,0,0,0,0,0,0,-20.08,-20.08,Invoiced Orders,0,,0,0,0,0
1020,2023-03-07T04:12:05.411+09:00,2023-03-07T04:12:05.411+09:00,1,5c15d817-5a2c-4d77-bec4-80f5a6460f2e,0,2021-11-06T23:47:02+09:00,14854553311,Order,114-4233133-5815450,FBA-OTG-RAM-JINMD-6CUP,"[OTTOGI] Jin Ramen Mild, KOREAN STYLE INSTANT CUP NOODLE, (65g) -6 Pack",1,amazon.com,Amazon,BRONX,NY,10455-4711,14.99,0,0,0,0,0,-3.6,-5.98,0,0,5.41,Invoiced Orders,0,MarketplaceFacilitator,0,0,0,0
1021,2023-03-07T04:12:05.411+09:00,2023-03-07T04:12:05.411+09:00,1,5c15d817-5a2c-4d77-bec4-80f5a6460f2e,0,2021-11-06T23:47:02+09:00,14854553311,Order,114-4233133-5815450,FBA-OTG-RAM-JINMD-6CUP,"[OTTOGI] Jin Ramen Mild, KOREAN STYLE INSTANT CUP NOODLE, (65g) -6 Pack",1,amazon.com,Amazon,BRONX,NY,10455-4711,14.99,0,0,0,0,0,0,-5.98,0,0,9.01,Invoiced Orders,0,,0,0,0,0
1022,2023-03-07T04:12:05.411+09:00,2023-03-07T04:12:05.411+09:00,1,5c15d817-5a2c-4d77-bec4-80f5a6460f2e,1,2021-11-06T23:47:02+09:00,14854553311,Order,114-4233133-5815450,FBA-OTG-RAM-JINMD-6CUP,"[OTTOGI] Jin Ramen Mild, KOREAN STYLE INSTANT CUP NOODLE, (65g) -6 Pack",1,amazon.com,Amazon,BRONX,NY,10455-4711,14.99,0,0,0,0,0,0,-5.98,0,0,9.01,Invoiced Orders,0,,0,0,0,0
1023,2023-03-07T04:12:05.411+09:00,2023-03-07T04:12:05.411+09:00,1,5c15d817-5a2c-4d77-bec4-80f5a6460f2e,0,2021-11-13T12:38:34+09:00,14980775801,Transfer,,,"To your account ending in: 349, Bank Transfer ID: 30F1NQPVYDZIOKV",0,,,,,,0,0,0,0,0,0,0,0,0,-23.43,-23.43,Invoiced Orders,0,,0,0,0,0
1024,2023-03-07T04:12:05.738+09:00,2023-03-07T04:12:05.738+09:00,1,5c15d817-5a2c-4d77-bec4-80f5a6460f2e,0,2021-11-24T13:11:16+09:00,14980775801,Order,114-4233133-5815450,FBA-OTG-RAM-JINMD-6CUP,"[OTTOGI] Jin Ramen Mild, KOREAN STYLE INSTANT CUP NOODLE, (65g) -6 Pack",1,amazon.com,Amazon,BRONX,NY,10455-4711,14.99,0,0,0,0,0,-4.8,-5.98,0,0,4.21,Invoiced Orders,0,MarketplaceFacilitator,0,0,0,0
1025,2023-03-07T04:12:05.738+09:00,2023-03-07T04:12:05.738+09:00,1,5c15d817-5a2c-4d77-bec4-80f5a6460f2e,0,2021-11-24T13:11:16+09:00,14980775801,Order,114-4233133-5815450,FBA-OTG-RAM-JINMD-6CUP,"[OTTOGI] Jin Ramen Mild, KOREAN STYLE INSTANT CUP NOODLE, (65g) -6 Pack",1,amazon.com,Amazon,BRONX,NY,10455-4711,14.99,0,0,0,0,0,0,-5.98,0,0,9.01,Invoiced Orders,0,,0,0,0,0
1026,2023-03-07T04:12:05.738+09:00,2023-03-07T04:12:05.738+09:00,1,5c15d817-5a2c-4d77-bec4-80f5a6460f2e,1,2021-11-24T13:11:16+09:00,14980775801,Order,114-4233133-5815450,FBA-OTG-RAM-JINMD-6CUP,"[OTTOGI] Jin Ramen Mild, KOREAN STYLE INSTANT CUP NOODLE, (65g) -6 Pack",1,amazon.com,Amazon,BRONX,NY,10455-4711,14.99,0,0,0,0,0,0,-5.98,0,0,9.01,Invoiced Orders,0,,0,0,0,0
1027,2023-03-07T04:12:05.738+09:00,2023-03-07T04:12:05.738+09:00,1,5c15d817-5a2c-4d77-bec4-80f5a6460f2e,2,2021-11-24T13:11:16+09:00,14980775801,Order,114-4233133-5815450,FBA-OTG-RAM-JINMD-6CUP,"[OTTOGI] Jin Ramen Mild, KOREAN STYLE INSTANT CUP NOODLE, (65g) -6 Pack",1,amazon.com,Amazon,BRONX,NY,10455-4711,14.99,0,0,0,0,0,0,-5.98,0,0,9.01,Invoiced Orders,0,,0,0,0,0
1028,2023-03-07T04:12:05.738+09:00,2023-03-07T04:12:05.738+09:00,1,5c15d817-5a2c-4d77-bec4-80f5a6460f2e,0,2021-11-24T13:12:58+09:00,14980775801,Order,114-4233133-5815450,FBA-OTG-RAM-JINMD-6CUP,"[OTTOGI] Jin Ramen Mild, KOREAN STYLE INSTANT CUP NOODLE, (65g) -6 Pack",1,amazon.com,Amazon,BRONX,NY,10455-4711,14.99,0,0,0,0,0,-4.8,-5.98,0,0,4.21,Invoiced Orders,0,MarketplaceFacilitator,0,0,0,0
1029,2023-03-07T04:12:05.738+09:00,2023-03-07T04:12:05.738+09:00,1,5c15d817-5a2c-4d77-bec4-80f5a6460f2e,0,2021-11-24T13:12:58+09:00,14980775801,Order,114-4233133-5815450,FBA-OTG-RAM-JINMD-6CUP,"[OTTOGI] Jin Ramen Mild, KOREAN STYLE INSTANT CUP NOODLE, (65g) -6 Pack",1,amazon.com,Amazon,BRONX,NY,10455-4711,14.99,0,0,0,0,0,0,-5.98,0,0,9.01,Invoiced Orders,0,,0,0,0,0
1030,2023-03-07T04:12:05.738+09:00,2023-03-07T04:12:05.738+09:00,1,5c15d817-5a2c-4d77-bec4-80f5a6460f2e,1,2021-11-24T13:12:58+09:00,14980775801,Order,114-4233133-5815450,FBA-OTG-RAM-JINMD-6CUP,"[OTTOGI] Jin Ramen Mild, KOREAN STYLE INSTANT CUP NOODLE, (65g) -6 Pack",1,amazon.com,Amazon,BRONX,NY,10455-4711,14.99,0,0,0,0,0,0,-5.98,0,0,9.01,Invoiced Orders,0,,0,0,0,0
1031,2023-03-07T04:12:05.738+09:00,2023-03-07T04:12:05.738+09:00,1,5c15d817-5a2c-4d77-bec4-80f5a6460f2e,2,2021-11-24T13:12:58+09:00,14980775801,Order,114-4233133-5815450,FBA-OTG-RAM-JINMD-6CUP,"[OTTOGI] Jin Ramen Mild, KOREAN STYLE INSTANT CUP NOODLE, (65g) -6 Pack",1,amazon.com,Amazon,BRONX,NY,10455-4711,14.99,0,0,0,0,0,0,-5.98,0,0,9.01,Invoiced Orders,0,,0,0,0,0
1032,2023-03-07T04:12:05.738+09:00,2023-03-07T04:12:05.738+09:00,1,5c15d817-5a2c-4d77-bec4-80f5a6460f2e,0,2021-11-24T13:14:45+09:00,14980775801,Order,114-4233133-5815450,FBA-OTG-RAM-JINMD-6CUP,"[OTTOGI] Jin Ramen Mild, KOREAN STYLE INSTANT CUP NOODLE, (65g) -6 Pack",1,amazon.com,Amazon,BRONX,NY,10455-4711,14.99,0,0,0,0,0,-2.4,-5.98,0,0,6.61,Invoiced Orders,0,MarketplaceFacilitator,0,0,0,0
1033,2023-03-07T04:12:05.738+09:00,2023-03-07T04:12:05.738+09:00,1,5c15d817-5a2c-4d77-bec4-80f5a6460f2e,0,2021-11-24T13:14:45+09:00,14980775801,Order,114-4233133-5815450,FBA-OTG-RAM-JINMD-6CUP,"[OTTOGI] Jin Ramen Mild, KOREAN STYLE INSTANT CUP NOODLE, (65g) -6 Pack",1,amazon.com,Amazon,BRONX,NY,10455-4711,14.99,0,0,0,0,0,0,-5.98,0,0,9.01,Invoiced Orders,0,,0,0,0,0
1034,2023-03-07T04:12:05.738+09:00,2023-03-07T04:12:05.738+09:00,1,5c15d817-5a2c-4d77-bec4-80f5a6460f2e,0,2021-11-24T13:15:00+09:00,14980775801,Order,114-4233133-5815450,FBA-OTG-RAM-JINMD-6CUP,"[OTTOGI] Jin Ramen Mild, KOREAN STYLE INSTANT CUP NOODLE, (65g) -6 Pack",1,amazon.com,Amazon,BRONX,NY,10455-4711,14.99,0,0,0,0,0,-7.2,-5.98,0,0,1.81,Invoiced Orders,0,MarketplaceFacilitator,0,0,0,0
1035,2023-03-07T04:12:05.738+09:00,2023-03-07T04:12:05.738+09:00,1,5c15d817-5a2c-4d77-bec4-80f5a6460f2e,0,2021-11-24T13:15:00+09:00,14980775801,Order,114-4233133-5815450,FBA-OTG-RAM-JINMD-6CUP,"[OTTOGI] Jin Ramen Mild, KOREAN STYLE INSTANT CUP NOODLE, (65g) -6 Pack",1,amazon.com,Amazon,BRONX,NY,10455-4711,14.99,0,0,0,0,0,0,-5.98,0,0,9.01,Invoiced Orders,0,,0,0,0,0
1036,2023-03-07T04:12:05.738+09:00,2023-03-07T04:12:05.738+09:00,1,5c15d817-5a2c-4d77-bec4-80f5a6460f2e,1,2021-11-24T13:15:00+09:00,14980775801,Order,114-4233133-5815450,FBA-OTG-RAM-JINMD-6CUP,"[OTTOGI] Jin Ramen Mild, KOREAN STYLE INSTANT CUP NOODLE, (65g) -6 Pack",1,amazon.com,Amazon,BRONX,NY,10455-4711,14.99,0,0,0,0,0,0,-5.98,0,0,9.01,Invoiced Orders,0,,0,0,0,0
1037,2023-03-07T04:12:05.738+09:00,2023-03-07T04:12:05.738+09:00,1,5c15d817-5a2c-4d77-bec4-80f5a6460f2e,2,2021-11-24T13:15:00+09:00,14980775801,Order,114-4233133-5815450,FBA-OTG-RAM-JINMD-6CUP,"[OTTOGI] Jin Ramen Mild, KOREAN STYLE INSTANT CUP NOODLE, (65g) -6 Pack",1,amazon.com,Amazon,BRONX,NY,10455-4711,14.99,0,0,0,0,0,0,-5.98,0,0,9.01,Invoiced Orders,0,,0,0,0,0
1038,2023-03-07T04:12:05.738+09:00,2023-03-07T04:12:05.738+09:00,1,5c15d817-5a2c-4d77-bec4-80f5a6460f2e,3,2021-11-24T13:15:00+09:00,14980775801,Order,114-4233133-5815450,FBA-OTG-RAM-JINMD-6CUP,"[OTTOGI] Jin Ramen Mild, KOREAN STYLE INSTANT CUP NOODLE, (65g) -6 Pack",1,amazon.com,Amazon,BRONX,NY,10455-4711,14.99,0,0,0,0,0,0,-5.98,0,0,9.01,Invoiced Orders,0,,0,0,0,0
1039,2023-03-07T04:12:05.738+09:00,2023-03-07T04:12:05.738+09:00,1,5c15d817-5a2c-4d77-bec4-80f5a6460f2e,4,2021-11-24T13:15:00+09:00,14980775801,Order,114-4233133-5815450,FBA-OTG-RAM-JINMD-6CUP,"[OTTOGI] Jin Ramen Mild, KOREAN STYLE INSTANT CUP NOODLE, (65g) -6 Pack",1,amazon.com,Amazon,BRONX,NY,10455-4711,14.99,0,0,0,0,0,0,-5.98,0,0,9.01,Invoiced Orders,0,,0,0,0,0
1040,2023-03-07T04:12:05.738+09:00,2023-03-07T04:12:05.738+09:00,1,5c15d817-5a2c-4d77-bec4-80f5a6460f2e,0,2021-11-24T13:17:06+09:00,14980775801,Order,114-4233133-5815450,FBA-OTG-RAM-JINMD-6CUP,"[OTTOGI] Jin Ramen Mild, KOREAN STYLE INSTANT CUP NOODLE, (65g) -6 Pack",1,amazon.com,Amazon,BRONX,NY,10455-4711,14.99,0,0,0,0,0,-4.8,-5.98,0,0,4.21,Invoiced Orders,0,MarketplaceFacilitator,0,0,0,0
1041,2023-03-07T04:12:05.738+09:00,2023-03-07T04:12:05.738+09:00,1,5c15d817-5a2c-4d77-bec4-80f5a6460f2e,0,2021-11-24T13:17:06+09:00,14980775801,Order,114-4233133-5815450,FBA-OTG-RAM-JINMD-6CUP,"[OTTOGI] Jin Ramen Mild, KOREAN STYLE INSTANT CUP NOODLE, (65g) -6 Pack",1,amazon.com,Amazon,BRONX,NY,10455-4711,14.99,0,0,0,0,0,0,-5.98,0,0,9.01,Invoiced Orders,0,,0,0,0,0
1042,2023-03-07T04:12:05.738+09:00,2023-03-07T04:12:05.738+09:00,1,5c15d817-5a2c-4d77-bec4-80f5a6460f2e,1,2021-11-24T13:17:06+09:00,14980775801,Order,114-4233133-5815450,FBA-OTG-RAM-JINMD-6CUP,"[OTTOGI] Jin Ramen Mild, KOREAN STYLE INSTANT CUP NOODLE, (65g) -6 Pack",1,amazon.com,Amazon,BRONX,NY,10455-4711,14.99,0,0,0,0,0,0,-5.98,0,0,9.01,Invoiced Orders,0,,0,0,0,0
1043,2023-03-07T04:12:05.738+09:00,2023-03-07T04:12:05.738+09:00,1,5c15d817-5a2c-4d77-bec4-80f5a6460f2e,2,2021-11-24T13:17:06+09:00,14980775801,Order,114-4233133-5815450,FBA-OTG-RAM-JINMD-6CUP,"[OTTOGI] Jin Ramen Mild, KOREAN STYLE INSTANT CUP NOODLE, (65g) -6 Pack",1,amazon.com,Amazon,BRONX,NY,10455-4711,14.99,0,0,0,0,0,0,-5.98,0,0,9.01,Invoiced Orders,0,,0,0,0,0
1044,2023-03-07T04:12:05.738+09:00,2023-03-07T04:12:05.738+09:00,1,5c15d817-5a2c-4d77-bec4-80f5a6460f2e,0,2021-11-24T13:17:26+09:00,14980775801,Order,114-4233133-5815450,FBA-OTG-RAM-JINMD-6CUP,"[OTTOGI] Jin Ramen Mild, KOREAN STYLE INSTANT CUP NOODLE, (65g) -6 Pack",1,amazon.com,Amazon,BRONX,NY,10455-4711,14.99,0,0,0,0,0,-3.6,-5.98,0,0,5.41,Invoiced Orders,0,MarketplaceFacilitator,0,0,0,0
1045,2023-03-07T04:12:05.738+09:00,2023-03-07T04:12:05.738+09:00,1,5c15d817-5a2c-4d77-bec4-80f5a6460f2e,0,2021-11-24T13:17:26+09:00,14980775801,Order,114-4233133-5815450,FBA-OTG-RAM-JINMD-6CUP,"[OTTOGI] Jin Ramen Mild, KOREAN STYLE INSTANT CUP NOODLE, (65g) -6 Pack",1,amazon.com,Amazon,BRONX,NY,10455-4711,14.99,0,0,0,0,0,0,-5.98,0,0,9.01,Invoiced Orders,0,,0,0,0,0
1046,2023-03-07T04:12:05.738+09:00,2023-03-07T04:12:05.738+09:00,1,5c15d817-5a2c-4d77-bec4-80f5a6460f2e,1,2021-11-24T13:17:26+09:00,14980775801,Order,114-4233133-5815450,FBA-OTG-RAM-JINMD-6CUP,"[OTTOGI] Jin Ramen Mild, KOREAN STYLE INSTANT CUP NOODLE, (65g) -6 Pack",1,amazon.com,Amazon,BRONX,NY,10455-4711,14.99,0,0,0,0,0,0,-5.98,0,0,9.01,Invoiced Orders,0,,0,0,0,0
1047,2023-03-07T04:12:05.738+09:00,2023-03-07T04:12:05.738+09:00,1,5c15d817-5a2c-4d77-bec4-80f5a6460f2e,0,2021-11-24T13:18:39+09:00,14980775801,Order,114-4233133-5815450,FBA-OTG-RAM-JINMD-6CUP,"[OTTOGI] Jin Ramen Mild, KOREAN STYLE INSTANT CUP NOODLE, (65g) -6 Pack",1,amazon.com,Amazon,BRONX,NY,10455-4711,14.99,0,0,0,0,0,-4.8,-5.98,0,0,4.21,Invoiced Orders,0,MarketplaceFacilitator,0,0,0,0
1048,2023-03-07T04:12:05.738+09:00,2023-03-07T04:12:05.738+09:00,1,5c15d817-5a2c-4d77-bec4-80f5a6460f2e,0,2021-11-24T13:18:39+09:00,14980775801,Order,114-4233133-5815450,FBA-OTG-RAM-JINMD-6CUP,"[OTTOGI] Jin Ramen Mild, KOREAN STYLE INSTANT CUP NOODLE, (65g) -6 Pack",1,amazon.com,Amazon,BRONX,NY,10455-4711,14.99,0,0,0,0,0,0,-5.98,0,0,9.01,Invoiced Orders,0,,0,0,0,0
1049,2023-03-07T04:12:05.738+09:00,2023-03-07T04:12:05.738+09:00,1,5c15d817-5a2c-4d77-bec4-80f5a6460f2e,1,2021-11-24T13:18:39+09:00,14980775801,Order,114-4233133-5815450,FBA-OTG-RAM-JINMD-6CUP,"[OTTOGI] Jin Ramen Mild, KOREAN STYLE INSTANT CUP NOODLE, (65g) -6 Pack",1,amazon.com,Amazon,BRONX,NY,10455-4711,14.99,0,0,0,0,0,0,-5.98,0,0,9.01,Invoiced Orders,0,,0,0,0,0
1050,2023-03-07T04:12:05.738+09:00,2023-03-07T04:12:05.738+09:00,1,5c15d817-5a2c-4d77-bec4-80f5a6460f2e,2,2021-11-24T13:18:39+09:00,14980775801,Order,114-4233133-5815450,FBA-OTG-RAM-JINMD-6CUP,"[OTTOGI] Jin Ramen Mild, KOREAN STYLE INSTANT CUP NOODLE, (65g) -6 Pack",1,amazon.com,Amazon,BRONX,NY,10455-4711,14.99,0,0,0,0,0,0,-5.98,0,0,9.01,Invoiced Orders,0,,0,0,0,0
1051,2023-03-07T04:12:05.738+09:00,2023-03-07T04:12:05.738+09:00,1,5c15d817-5a2c-4d77-bec4-80f5a6460f2e,0,2021-11-27T12:26:15+09:00,15108529291,Transfer,,,"To your account ending in: 349, Bank Transfer ID: 3CICUNHZM2ULEF1",0,,,,,,0,0,0,0,0,0,0,0,0,-210.87,-210.87,Invoiced Orders,0,,0,0,0,0
1052,2023-03-07T04:18:15.93+09:00,2023-03-07T04:18:15.93+09:00,1,5c15d817-5a2c-4d77-bec4-80f5a6460f2e,0,2022-09-20T06:10:50+09:00,16498417051,Order,111-0948481-0512261,FBA-OTG-RCE-CKD-210G,"[OTTOGI] Delicious COOKED RICE, Gluten free, Microwavable instant cooked rice, Precooked ready to eat container (7.40oz., 12 count)",1,amazon.com,Amazon,San Jose,CA,95131,22.93,0,0,0,0,0,-6.88,-8.01,0,0,8.04,Invoiced Orders,0,MarketplaceFacilitator,0,0,0,0
1053,2023-03-07T04:18:15.93+09:00,2023-03-07T04:18:15.93+09:00,1,5c15d817-5a2c-4d77-bec4-80f5a6460f2e,0,2022-09-20T06:10:50+09:00,16498417051,Order,111-0948481-0512261,FBA-OTG-RCE-CKD-210G,"[OTTOGI] Delicious COOKED RICE, Gluten free, Microwavable instant cooked rice, Precooked ready to eat container (7.40oz., 12 count)",1,amazon.com,Amazon,San Jose,CA,95131,22.93,0,0,0,0,0,0,-8.01,0,0,14.92,Invoiced Orders,0,,0,0,0,0
1054,2023-03-07T04:18:15.93+09:00,2023-03-07T04:18:15.93+09:00,1,5c15d817-5a2c-4d77-bec4-80f5a6460f2e,0,2022-09-25T06:29:09+09:00,16498417051,Order,114-1834583-3196254,FBA-OTG-RAM-JINSP-6CUP-2,"[OTTOGI] JIN RAMEN KOREAN STYLE INSTANT NOODLE, RICH SPICY FLAVOR, Instant Cup Ramen, Best tasting soup ramen, traditional gourmet taste & easy to coo",1,amazon.com,Amazon,INDIANAPOLIS,IN,46268-1695,13.34,0,0,0,0,0,-1.07,-6.75,0,0,5.52,Invoiced Orders,0,MarketplaceFacilitator,0,0,0,0
1055,2023-03-07T04:18:16.434+09:00,2023-03-07T04:18:16.434+09:00,1,5c15d817-5a2c-4d77-bec4-80f5a6460f2e,0,2022-10-01T11:38:10+09:00,16575115201,Transfer,,,"To your account ending in: 349, Bank Transfer ID: X2C8MZS68EML04U",0,,,,,,0,0,0,0,0,0,0,0,0,-28.48,-28.48,Invoiced Orders,0,,0,0,0,0
1056,2023-03-07T04:18:16.434+09:00,2023-03-07T04:18:16.434+09:00,1,5c15d817-5a2c-4d77-bec4-80f5a6460f2e,0,2022-10-01T21:35:19+09:00,16575115201,Order,113-2279007-8584202,FBA-OTG-RAM-JINMD-6CUP,"[OTTOGI] Jin Ramen Mild, KOREAN STYLE INSTANT CUP NOODLE, (65g) -6 Pack",1,amazon.com,Amazon,REDWOOD CITY,CA,94063-1621,13.16,0,0,0,0,0,-2.1,-6.75,0,0,4.31,Invoiced Orders,0,MarketplaceFacilitator,0,0,0,0
1057,2023-03-07T04:18:16.434+09:00,2023-03-07T04:18:16.434+09:00,1,5c15d817-5a2c-4d77-bec4-80f5a6460f2e,0,2022-10-01T21:35:19+09:00,16575115201,Order,113-2279007-8584202,FBA-OTG-RAM-JINMD-6CUP,"[OTTOGI] Jin Ramen Mild, KOREAN STYLE INSTANT CUP NOODLE, (65g) -6 Pack",1,amazon.com,Amazon,REDWOOD CITY,CA,94063-1621,13.16,0,0,0,0,0,0,-6.75,0,0,6.41,Invoiced Orders,0,,0,0,0,0
1058,2023-03-07T04:18:16.434+09:00,2023-03-07T04:18:16.434+09:00,1,5c15d817-5a2c-4d77-bec4-80f5a6460f2e,0,2022-10-07T13:28:53+09:00,16575115201,Order,114-4394359-3269043,FBA-OTG-RAM-JINSP-6CUP-2,"[OTTOGI] JIN RAMEN KOREAN STYLE INSTANT NOODLE, RICH SPICY FLAVOR, Instant Cup Ramen, Best tasting soup ramen, traditional gourmet taste & easy to coo",1,amazon.com,Amazon,Cambridge,MA,02139,13.22,0,0,0,0,0,-1.06,-6.75,0,0,5.41,Invoiced Orders,0,MarketplaceFacilitator,0,0,0,0
1059,2023-03-07T04:18:16.434+09:00,2023-03-07T04:18:16.434+09:00,1,5c15d817-5a2c-4d77-bec4-80f5a6460f2e,0,2022-10-12T05:59:19+09:00,16575115201,Order,113-6682939-0116240,FBA-OTG-RAM-JINSP-6CUP-2,"[OTTOGI] JIN RAMEN KOREAN STYLE INSTANT NOODLE, RICH SPICY FLAVOR, Instant Cup Ramen, Best tasting soup ramen, traditional gourmet taste & easy to coo",1,amazon.com,Amazon,Federal Way,WA,98003,13.22,0,0,0,0,0,-1.06,-6.75,0,0,5.41,Invoiced Orders,0,MarketplaceFacilitator,0,0,0,0
1060,2023-03-07T04:18:16.434+09:00,2023-03-07T04:18:16.434+09:00,1,5c15d817-5a2c-4d77-bec4-80f5a6460f2e,0,2022-10-15T07:17:32+09:00,16730257331,Order,114-0161222-4950636,FBA-OTG-RAM-JINMD-6CUP,"[OTTOGI] Jin Ramen Mild, KOREAN STYLE INSTANT CUP NOODLE, (65g) -6 Pack",1,amazon.com,Amazon,Cambridge,MA,02139,14.97,0,0,0,0,0,-1.2,-6.75,0,0,7.02,Invoiced Orders,0,MarketplaceFacilitator,0,0,0,0
1061,2023-03-07T04:18:16.434+09:00,2023-03-07T04:18:16.434+09:00,1,5c15d817-5a2c-4d77-bec4-80f5a6460f2e,0,2022-10-15T11:30:40+09:00,16730257331,Transfer,,,"To your account ending in: 349, Bank Transfer ID: 6HDGMA2UL4C8I89",0,,,,,,0,0,0,0,0,0,0,0,0,-21.54,-21.54,Invoiced Orders,0,,0,0,0,0
1062,2023-03-07T04:18:16.434+09:00,2023-03-07T04:18:16.434+09:00,1,5c15d817-5a2c-4d77-bec4-80f5a6460f2e,0,2022-10-20T18:26:38+09:00,16730257331,Order,114-2425290-5337850,FBA-OTG-RAM-JINMD-1BOX,"[OTTOGI] Jin Ramen, Mild Flavor - Korean Instant Ramen Noodle, Best Tasting Soup Traditional Instant Ramen (120g) -18 Pack",1,amazon.com,Amazon,MILL HALL,PA,17751-1820,24.91,0,0,0,0,0,-3.74,-7.7,0,0,13.47,Invoiced Orders,0,MarketplaceFacilitator,0,0,0,0
1063,2023-03-07T04:18:16.946+09:00,2023-03-07T04:18:16.946+09:00,1,5c15d817-5a2c-4d77-bec4-80f5a6460f2e,0,2022-10-21T01:58:51+09:00,16730257331,Order,112-8623447-1949033,FBA-OTG-RAM-JINSP-6CUP-2,"[OTTOGI] JIN RAMEN KOREAN STYLE INSTANT NOODLE, RICH SPICY FLAVOR, Instant Cup Ramen, Best tasting soup ramen, traditional gourmet taste & easy to coo",1,amazon.com,Amazon,Cambridge,MA,02139,13.22,0,0,0,0,0,-2.12,-6.75,0,0,4.35,Invoiced Orders,0,MarketplaceFacilitator,0,0,0,0
1064,2023-03-07T04:18:16.946+09:00,2023-03-07T04:18:16.946+09:00,1,5c15d817-5a2c-4d77-bec4-80f5a6460f2e,0,2022-10-21T01:58:51+09:00,16730257331,Order,112-8623447-1949033,FBA-OTG-RAM-JINSP-6CUP-2,"[OTTOGI] JIN RAMEN KOREAN STYLE INSTANT NOODLE, RICH SPICY FLAVOR, Instant Cup Ramen, Best tasting soup ramen, traditional gourmet taste & easy to coo",1,amazon.com,Amazon,Cambridge,MA,02139,13.22,0,0,0,0,0,0,-6.75,0,0,6.47,Invoiced Orders,0,,0,0,0,0
1065,2023-03-07T04:18:16.946+09:00,2023-03-07T04:18:16.946+09:00,1,5c15d817-5a2c-4d77-bec4-80f5a6460f2e,0,2022-10-22T12:24:29+09:00,16730257331,Order,112-8734778-0328229,FBA-OTG-RCE-CKD-210G,"[OTTOGI] Delicious COOKED RICE, Gluten free, Microwavable instant cooked rice, Precooked ready to eat container (7.40oz., 12 count)",1,amazon.com,Amazon,San Jose,CA,95131,28.16,0,0,0,0,0,-8.44,-8.01,0,0,11.71,Invoiced Orders,0,MarketplaceFacilitator,0,0,0,0
1066,2023-03-07T04:18:16.946+09:00,2023-03-07T04:18:16.946+09:00,1,5c15d817-5a2c-4d77-bec4-80f5a6460f2e,0,2022-10-22T12:24:29+09:00,16730257331,Order,112-8734778-0328229,FBA-OTG-RCE-CKD-210G,"[OTTOGI] Delicious COOKED RICE, Gluten free, Microwavable instant cooked rice, Precooked ready to eat container (7.40oz., 12 count)",1,amazon.com,Amazon,San Jose,CA,95131,28.16,0,0,0,0,0,0,-8.01,0,0,20.15,Invoiced Orders,0,,0,0,0,0
1067,2023-03-07T04:18:16.946+09:00,2023-03-07T04:18:16.946+09:00,1,5c15d817-5a2c-4d77-bec4-80f5a6460f2e,0,2022-10-29T11:46:50+09:00,16805656961,Transfer,,,"To your account ending in: 349, Bank Transfer ID: 6KXD7BYX312W9NP",0,,,,,,0,0,0,0,0,0,0,0,0,-63.17,-63.17,Invoiced Orders,0,,0,0,0,0
1068,2023-03-07T04:18:16.946+09:00,2023-03-07T04:18:16.946+09:00,1,5c15d817-5a2c-4d77-bec4-80f5a6460f2e,0,2022-10-29T23:28:21+09:00,16805656961,Order,111-7528131-1287468,FBA-OTG-RAM-JINSP-8PK,"[OTTOGI] Jin Ramen Spicy, Korean Style Instant Noodle, Best Tasting Soup Traditional Instant Ramen (120g) - 8 Pack",2,amazon.com,Amazon,LINDEN,NJ,07036-6512,29.76,0,0,0,0,0,-2.38,-12.16,0,0,15.22,Invoiced Orders,0,MarketplaceFacilitator,0,0,0,0
1069,2023-03-07T04:18:16.946+09:00,2023-03-07T04:18:16.946+09:00,1,5c15d817-5a2c-4d77-bec4-80f5a6460f2e,0,2022-10-30T02:32:02+09:00,16805656961,Order,111-7528131-1287468,FBA-OTG-RAM-JINSP-8PK,"[OTTOGI] Jin Ramen Spicy, Korean Style Instant Noodle, Best Tasting Soup Traditional Instant Ramen (120g) - 8 Pack",2,amazon.com,Amazon,LINDEN,NJ,07036-6512,29.76,0,0,0,0,0,-2.38,-12.16,0,0,15.22,Invoiced Orders,0,MarketplaceFacilitator,0,0,0,0
1086,2023-03-07T04:18:17.43+09:00,2023-03-07T04:18:17.43+09:00,1,5c15d817-5a2c-4d77-bec4-80f5a6460f2e,0,2022-11-17T03:26:15+09:00,16885507041,Order,114-1470121-2478620,FBA-OTG-RAM-JINSP-6CUP-2,"[OTTOGI] JIN RAMEN KOREAN STYLE INSTANT NOODLE, RICH SPICY FLAVOR, Instant Cup Ramen, Best tasting soup ramen, traditional gourmet taste & easy to coo",1,amazon.com,Amazon,Boston,MA,02215,14.67,0,0,0,0,0,0,-7.28,0,0,7.39,Invoiced Orders,0,,0,0,0,0
1070,2023-03-07T04:18:16.946+09:00,2023-03-07T04:18:16.946+09:00,1,5c15d817-5a2c-4d77-bec4-80f5a6460f2e,0,2022-11-01T16:10:11+09:00,16805656961,Order,114-0898126-5578633,FBA-OTG-RAM-JINSP-6CUP-2,"[OTTOGI] JIN RAMEN KOREAN STYLE INSTANT NOODLE, RICH SPICY FLAVOR, Instant Cup Ramen, Best tasting soup ramen, traditional gourmet taste & easy to coo",1,amazon.com,Amazon,SEATTLE,WA,98104-7097,14.93,0,0,0,0,0,-1.19,-6.75,0,0,6.99,Invoiced Orders,0,MarketplaceFacilitator,0,0,0,0
1071,2023-03-07T04:18:16.946+09:00,2023-03-07T04:18:16.946+09:00,1,5c15d817-5a2c-4d77-bec4-80f5a6460f2e,0,2022-11-04T19:56:30+09:00,16805656961,Order,114-8932329-5727446,FBA-OTG-RCE-CKD-210G,"[OTTOGI] Delicious COOKED RICE, Gluten free, Microwavable instant cooked rice, Precooked ready to eat container (7.40oz., 12 count)",1,amazon.com,Amazon,MISSION,KS,66202-3329,26.56,0,0,0,0,0,-3.98,-8.01,0,0,14.57,Invoiced Orders,-2.58,MarketplaceFacilitator,2.58,0,0,0
1072,2023-03-07T04:18:16.946+09:00,2023-03-07T04:18:16.946+09:00,1,5c15d817-5a2c-4d77-bec4-80f5a6460f2e,0,2022-11-05T16:20:36+09:00,16805656961,Order,111-1177306-1129846,FBA-OTG-RAM-JINSP-6CUP-2,"[OTTOGI] JIN RAMEN KOREAN STYLE INSTANT NOODLE, RICH SPICY FLAVOR, Instant Cup Ramen, Best tasting soup ramen, traditional gourmet taste & easy to coo",1,amazon.com,Amazon,Federal Way,WA,98003,14.81,0,0,0,0,0,-2.36,-6.75,0,0,5.7,Invoiced Orders,0,MarketplaceFacilitator,0,0,0,0
1073,2023-03-07T04:18:16.946+09:00,2023-03-07T04:18:16.946+09:00,1,5c15d817-5a2c-4d77-bec4-80f5a6460f2e,0,2022-11-05T16:20:36+09:00,16805656961,Order,111-1177306-1129846,FBA-OTG-RAM-JINSP-6CUP-2,"[OTTOGI] JIN RAMEN KOREAN STYLE INSTANT NOODLE, RICH SPICY FLAVOR, Instant Cup Ramen, Best tasting soup ramen, traditional gourmet taste & easy to coo",1,amazon.com,Amazon,Federal Way,WA,98003,14.81,0,0,0,0,0,0,-6.75,0,0,8.06,Invoiced Orders,0,,0,0,0,0
1074,2023-03-07T04:18:16.946+09:00,2023-03-07T04:18:16.946+09:00,1,5c15d817-5a2c-4d77-bec4-80f5a6460f2e,0,2022-11-06T21:38:46+09:00,16805656961,Order,113-6119190-7768234,FBA-OTG-RAM-JINMD-6CUP,"[OTTOGI] Jin Ramen Mild, KOREAN STYLE INSTANT CUP NOODLE, (65g) -6 Pack",1,amazon.com,Amazon,DORAL,FL,33178-1843,14.91,0,0,0,0,0,-2.38,-6.75,0,0,5.78,Invoiced Orders,0,MarketplaceFacilitator,0,0,0,0
1075,2023-03-07T04:18:16.946+09:00,2023-03-07T04:18:16.946+09:00,1,5c15d817-5a2c-4d77-bec4-80f5a6460f2e,0,2022-11-06T21:38:46+09:00,16805656961,Order,113-6119190-7768234,FBA-OTG-RAM-JINMD-6CUP,"[OTTOGI] Jin Ramen Mild, KOREAN STYLE INSTANT CUP NOODLE, (65g) -6 Pack",1,amazon.com,Amazon,DORAL,FL,33178-1843,14.91,0,0,0,0,0,0,-6.75,0,0,8.16,Invoiced Orders,0,,0,0,0,0
1076,2023-03-07T04:18:16.946+09:00,2023-03-07T04:18:16.946+09:00,1,5c15d817-5a2c-4d77-bec4-80f5a6460f2e,0,2022-11-09T09:33:13+09:00,16805656961,Order,113-0966774-9503423,FBA-OTG-RAM-JINSP-6CUP-2,"[OTTOGI] JIN RAMEN KOREAN STYLE INSTANT NOODLE, RICH SPICY FLAVOR, Instant Cup Ramen, Best tasting soup ramen, traditional gourmet taste & easy to coo",1,amazon.com,Amazon,Boston,MA,02215,14.81,0,0,0,0,0,-2.36,-6.75,0,0,5.7,Invoiced Orders,0,MarketplaceFacilitator,0,0,0,0
1077,2023-03-07T04:18:16.946+09:00,2023-03-07T04:18:16.946+09:00,1,5c15d817-5a2c-4d77-bec4-80f5a6460f2e,0,2022-11-09T09:33:13+09:00,16805656961,Order,113-0966774-9503423,FBA-OTG-RAM-JINSP-6CUP-2,"[OTTOGI] JIN RAMEN KOREAN STYLE INSTANT NOODLE, RICH SPICY FLAVOR, Instant Cup Ramen, Best tasting soup ramen, traditional gourmet taste & easy to coo",1,amazon.com,Amazon,Boston,MA,02215,14.81,0,0,0,0,0,0,-6.75,0,0,8.06,Invoiced Orders,0,,0,0,0,0
1078,2023-03-07T04:18:16.946+09:00,2023-03-07T04:18:16.946+09:00,1,5c15d817-5a2c-4d77-bec4-80f5a6460f2e,0,2022-11-10T01:01:41+09:00,16805656961,Order,113-4061695-7793004,FBA-OTG-RCE-CKD-210G,"[OTTOGI] Delicious COOKED RICE, Gluten free, Microwavable instant cooked rice, Precooked ready to eat container (7.40oz., 12 count)",1,amazon.com,Amazon,SOMERSET,NJ,08873-1242,26.58,0,0,0,0,0,-3.99,-8.01,0,0,14.58,Invoiced Orders,0,MarketplaceFacilitator,0,0,0,0
1079,2023-03-07T04:18:16.946+09:00,2023-03-07T04:18:16.946+09:00,1,5c15d817-5a2c-4d77-bec4-80f5a6460f2e,0,2022-11-10T03:11:03+09:00,16805656961,Order,113-4061695-7793004,FBA-OTG-RCE-CKD-210G,"[OTTOGI] Delicious COOKED RICE, Gluten free, Microwavable instant cooked rice, Precooked ready to eat container (7.40oz., 12 count)",1,amazon.com,Amazon,SOMERSET,NJ,08873-1242,26.58,0,0,0,0,0,-3.99,-8.01,0,0,14.58,Invoiced Orders,0,MarketplaceFacilitator,0,0,0,0
1080,2023-03-07T04:18:17.43+09:00,2023-03-07T04:18:17.43+09:00,1,5c15d817-5a2c-4d77-bec4-80f5a6460f2e,0,2022-11-14T06:27:30+09:00,16885507041,Transfer,,,"To your account ending in: 349, Bank Transfer ID: 24KRIO9PBH4BHTM",0,,,,,,0,0,0,0,0,0,0,0,0,-122.62,-122.62,Invoiced Orders,0,,0,0,0,0
1081,2023-03-07T04:18:17.43+09:00,2023-03-07T04:18:17.43+09:00,1,5c15d817-5a2c-4d77-bec4-80f5a6460f2e,0,2022-11-15T20:39:27+09:00,16885507041,Order,114-5143589-1793014,FBA-OTG-RAM-JINSP-6CUP-2,"[OTTOGI] JIN RAMEN KOREAN STYLE INSTANT NOODLE, RICH SPICY FLAVOR, Instant Cup Ramen, Best tasting soup ramen, traditional gourmet taste & easy to coo",1,amazon.com,Amazon,NEW YORK,NY,10027-6605,14.51,0,0,0,0,0,-1.16,-7.28,0,0,6.07,Invoiced Orders,0,MarketplaceFacilitator,0,0,0,0
1082,2023-03-07T04:18:17.43+09:00,2023-03-07T04:18:17.43+09:00,1,5c15d817-5a2c-4d77-bec4-80f5a6460f2e,0,2022-11-15T20:57:23+09:00,16885507041,Order,114-5143589-1793014,FBA-OTG-RAM-JINMD-6CUP,"[OTTOGI] Jin Ramen Mild, KOREAN STYLE INSTANT CUP NOODLE, (65g) -6 Pack",1,amazon.com,Amazon,NEW YORK,NY,10027-6605,14.83,0,0,0,0,0,-2.38,-7.28,0,0,5.17,Invoiced Orders,0,MarketplaceFacilitator,0,0,0,0
1083,2023-03-07T04:18:17.43+09:00,2023-03-07T04:18:17.43+09:00,1,5c15d817-5a2c-4d77-bec4-80f5a6460f2e,0,2022-11-15T20:57:23+09:00,16885507041,Order,114-5143589-1793014,FBA-OTG-RAM-JINMD-6CUP,"[OTTOGI] Jin Ramen Mild, KOREAN STYLE INSTANT CUP NOODLE, (65g) -6 Pack",1,amazon.com,Amazon,NEW YORK,NY,10027-6605,14.83,0,0,0,0,0,0,-7.28,0,0,7.55,Invoiced Orders,0,,0,0,0,0
1084,2023-03-07T04:18:17.43+09:00,2023-03-07T04:18:17.43+09:00,1,5c15d817-5a2c-4d77-bec4-80f5a6460f2e,0,2022-11-17T03:26:15+09:00,16885507041,Order,114-1470121-2478620,FBA-OTG-RAM-JINSP-6CUP-2,"[OTTOGI] JIN RAMEN KOREAN STYLE INSTANT NOODLE, RICH SPICY FLAVOR, Instant Cup Ramen, Best tasting soup ramen, traditional gourmet taste & easy to coo",1,amazon.com,Amazon,Boston,MA,02215,14.67,0,0,0,0,0,-2.34,-7.28,0,0,5.05,Invoiced Orders,0,MarketplaceFacilitator,0,0,0,0
1085,2023-03-07T04:18:17.43+09:00,2023-03-07T04:18:17.43+09:00,1,5c15d817-5a2c-4d77-bec4-80f5a6460f2e,0,2022-11-17T03:26:15+09:00,16885507041,Order,114-1470121-2478620,FBA-OTG-RAM-JINMD-6CUP,"[OTTOGI] Jin Ramen Mild, KOREAN STYLE INSTANT CUP NOODLE, (65g) -6 Pack",1,amazon.com,Amazon,Boston,MA,02215,14.85,0,0,0,0,0,-2.38,-7.28,0,0,5.19,Invoiced Orders,0,MarketplaceFacilitator,0,0,0,0
1087,2023-03-07T04:18:17.43+09:00,2023-03-07T04:18:17.43+09:00,1,5c15d817-5a2c-4d77-bec4-80f5a6460f2e,0,2022-11-17T03:26:15+09:00,16885507041,Order,114-1470121-2478620,FBA-OTG-RAM-JINMD-6CUP,"[OTTOGI] Jin Ramen Mild, KOREAN STYLE INSTANT CUP NOODLE, (65g) -6 Pack",1,amazon.com,Amazon,Boston,MA,02215,14.85,0,0,0,0,0,0,-7.28,0,0,7.57,Invoiced Orders,0,,0,0,0,0
1088,2023-03-07T04:18:17.43+09:00,2023-03-07T04:18:17.43+09:00,1,5c15d817-5a2c-4d77-bec4-80f5a6460f2e,0,2022-11-24T10:25:44+09:00,16885507041,Order,112-5481099-8889854,FBA-OTG-RAM-JINSP-6CUP-2,"[OTTOGI] JIN RAMEN KOREAN STYLE INSTANT NOODLE, RICH SPICY FLAVOR, Instant Cup Ramen, Best tasting soup ramen, traditional gourmet taste & easy to coo",1,amazon.com,Amazon,DORAL,FL,33178-1843,14.57,0,0,0,0,0,-2.34,-7.28,0,0,4.95,Invoiced Orders,0,MarketplaceFacilitator,0,0,0,0
1089,2023-03-07T04:18:17.43+09:00,2023-03-07T04:18:17.43+09:00,1,5c15d817-5a2c-4d77-bec4-80f5a6460f2e,0,2022-11-24T10:25:44+09:00,16885507041,Order,112-5481099-8889854,FBA-OTG-RAM-JINSP-6CUP-2,"[OTTOGI] JIN RAMEN KOREAN STYLE INSTANT NOODLE, RICH SPICY FLAVOR, Instant Cup Ramen, Best tasting soup ramen, traditional gourmet taste & easy to coo",1,amazon.com,Amazon,DORAL,FL,33178-1843,14.57,0,0,0,0,0,0,-7.28,0,0,7.29,Invoiced Orders,0,,0,0,0,0
1090,2023-03-07T04:18:17.43+09:00,2023-03-07T04:18:17.43+09:00,1,5c15d817-5a2c-4d77-bec4-80f5a6460f2e,0,2022-11-24T12:26:14+09:00,16885507041,Order,112-5481099-8889854,FBA-OTG-RAM-JINMD-6CUP,"[OTTOGI] Jin Ramen Mild, KOREAN STYLE INSTANT CUP NOODLE, (65g) -6 Pack",1,amazon.com,Amazon,DORAL,FL,33178-1843,14.83,0,0,0,0,0,-2.38,-7.28,0,0,5.17,Invoiced Orders,0,MarketplaceFacilitator,0,0,0,0
1091,2023-03-07T04:18:17.43+09:00,2023-03-07T04:18:17.43+09:00,1,5c15d817-5a2c-4d77-bec4-80f5a6460f2e,0,2022-11-24T12:26:14+09:00,16885507041,Order,112-5481099-8889854,FBA-OTG-RAM-JINMD-6CUP,"[OTTOGI] Jin Ramen Mild, KOREAN STYLE INSTANT CUP NOODLE, (65g) -6 Pack",1,amazon.com,Amazon,DORAL,FL,33178-1843,14.83,0,0,0,0,0,0,-7.28,0,0,7.55,Invoiced Orders,0,,0,0,0,0
1092,2023-03-07T04:18:17.43+09:00,2023-03-07T04:18:17.43+09:00,1,5c15d817-5a2c-4d77-bec4-80f5a6460f2e,0,2022-11-26T12:32:13+09:00,16961004521,Transfer,,,"To your account ending in: 349, Bank Transfer ID: 1LB90JMM96XARD1",0,,,,,,0,0,0,0,0,0,0,0,0,-68.95,-68.95,Invoiced Orders,0,,0,0,0,0
1093,2023-03-07T04:18:17.662+09:00,2023-03-07T04:18:17.662+09:00,1,5c15d817-5a2c-4d77-bec4-80f5a6460f2e,0,2022-12-01T17:08:30+09:00,16961004521,Order,114-0646639-1927449,FBA-OTG-RAM-JINSP-6CUP-2,"[OTTOGI] JIN RAMEN KOREAN STYLE INSTANT NOODLE, RICH SPICY FLAVOR, Instant Cup Ramen, Best tasting soup ramen, traditional gourmet taste & easy to coo",1,amazon.com,Amazon,ASHBURN,VA,20147-4881,14.67,0,0,0,0,0,-1.17,-7.28,0,0,6.22,Invoiced Orders,-0.37,MarketplaceFacilitator,0.37,0,0,0
1094,2023-03-07T04:18:17.662+09:00,2023-03-07T04:18:17.662+09:00,1,5c15d817-5a2c-4d77-bec4-80f5a6460f2e,0,2022-12-03T01:41:20+09:00,16961004521,Order,111-3641331-4971430,FBA-OTG-RAM-JINSP-6CUP-2,"[OTTOGI] JIN RAMEN KOREAN STYLE INSTANT NOODLE, RICH SPICY FLAVOR, Instant Cup Ramen, Best tasting soup ramen, traditional gourmet taste & easy to coo",1,amazon.com,Amazon,GREENFIELD,IN,46140-9633,14.37,0,0,0,0,0,-1.15,-7.28,0,0,5.94,Invoiced Orders,0,MarketplaceFacilitator,0,0,0,0
1095,2023-03-07T04:18:17.662+09:00,2023-03-07T04:18:17.662+09:00,1,5c15d817-5a2c-4d77-bec4-80f5a6460f2e,0,2022-12-04T01:19:22+09:00,16961004521,Order,111-7737812-1645063,FBA-OTG-RAM-JINMD-6CUP,"[OTTOGI] Jin Ramen Mild, KOREAN STYLE INSTANT CUP NOODLE, (65g) -6 Pack",1,amazon.com,Amazon,NASHVILLE,TN,37211-3140,16.45,0,0,0,0,0,-9.88,-7.28,0,0,-0.71,Invoiced Orders,0,MarketplaceFacilitator,0,0,0,0
1096,2023-03-07T04:18:17.662+09:00,2023-03-07T04:18:17.662+09:00,1,5c15d817-5a2c-4d77-bec4-80f5a6460f2e,0,2022-12-04T01:19:22+09:00,16961004521,Order,111-7737812-1645063,FBA-OTG-RAM-JINMD-6CUP,"[OTTOGI] Jin Ramen Mild, KOREAN STYLE INSTANT CUP NOODLE, (65g) -6 Pack",1,amazon.com,Amazon,NASHVILLE,TN,37211-3140,16.45,0,0,0,0,0,0,-7.28,0,0,9.17,Invoiced Orders,0,,0,0,0,0
1097,2023-03-07T04:18:17.662+09:00,2023-03-07T04:18:17.662+09:00,1,5c15d817-5a2c-4d77-bec4-80f5a6460f2e,1,2022-12-04T01:19:22+09:00,16961004521,Order,111-7737812-1645063,FBA-OTG-RAM-JINMD-6CUP,"[OTTOGI] Jin Ramen Mild, KOREAN STYLE INSTANT CUP NOODLE, (65g) -6 Pack",1,amazon.com,Amazon,NASHVILLE,TN,37211-3140,16.45,0,0,0,0,0,0,-7.28,0,0,9.17,Invoiced Orders,0,,0,0,0,0
1098,2023-03-07T04:18:17.662+09:00,2023-03-07T04:18:17.662+09:00,1,5c15d817-5a2c-4d77-bec4-80f5a6460f2e,2,2022-12-04T01:19:22+09:00,16961004521,Order,111-7737812-1645063,FBA-OTG-RAM-JINMD-6CUP,"[OTTOGI] Jin Ramen Mild, KOREAN STYLE INSTANT CUP NOODLE, (65g) -6 Pack",1,amazon.com,Amazon,NASHVILLE,TN,37211-3140,16.45,0,0,0,0,0,0,-7.28,0,0,9.17,Invoiced Orders,0,,0,0,0,0
1099,2023-03-07T04:19:43.91+09:00,2023-03-07T04:19:43.91+09:00,1,5c15d817-5a2c-4d77-bec4-80f5a6460f2e,0,2021-05-21T22:58:07+09:00,14245600951,Order,114-9902780-0061016,FBA-OTG-RCE-CKD-210G,"[OTTOGI] Delicious COOKED RICE, Gluten free, Microwavable instant cooked rice, Precooked ready to eat container (7.40oz., 12 count)",1,amazon.com,Amazon,LAS VEGAS,NV,89103-4198,11.99,0,0,0,0,0,-0.96,-6.94,0,0,4.09,Invoiced Orders,0,MarketplaceFacilitator,0,0,0,0
1100,2023-03-07T04:19:43.91+09:00,2023-03-07T04:19:43.91+09:00,1,5c15d817-5a2c-4d77-bec4-80f5a6460f2e,0,2021-05-29T11:34:06+09:00,14245600971,Transfer,,,"To your account ending in: 349, Bank Transfer ID: 2POOH81061JE446",0,,,,,,0,0,0,0,0,0,0,0,0,-4.09,-4.09,Invoiced Orders,0,,0,0,0,0
1413,2023-03-07T05:04:29.227+09:00,2023-03-07T05:04:29.227+09:00,1,5c15d817-5a2c-4d77-bec4-80f5a6460f2e,0,2022-04-16T07:25:58+09:00,15643653871,Order,112-6127503-6224268,FBA-OTG-RAM-JINSP-6CUP-2,"[OTTOGI] JIN RAMEN KOREAN STYLE INSTANT NOODLE, RICH SPICY FLAVOR, Instant Cup Ramen, Best tasting soup ramen, traditional gourmet taste & easy to coo",1,amazon.com,Amazon,BALTIMORE,MD,21218,16.46,0,0,0,0,0,-2.47,-6.43,0,0,7.56,Invoiced Orders,0,MarketplaceFacilitator,0,0,0,0
1414,2023-03-07T05:04:29.227+09:00,2023-03-07T05:04:29.227+09:00,1,5c15d817-5a2c-4d77-bec4-80f5a6460f2e,0,2022-04-16T23:47:15+09:00,15643653871,Order,112-6127503-6224268,FBA-OTG-RAM-JINSP-6CUP-2,"[OTTOGI] JIN RAMEN KOREAN STYLE INSTANT NOODLE, RICH SPICY FLAVOR, Instant Cup Ramen, Best tasting soup ramen, traditional gourmet taste & easy to coo",1,amazon.com,Amazon,BALTIMORE,MD,21218,16.46,0,0,0,0,0,-4.94,-6.43,0,0,5.09,Invoiced Orders,0,MarketplaceFacilitator,0,0,0,0
1415,2023-03-07T05:04:29.227+09:00,2023-03-07T05:04:29.227+09:00,1,5c15d817-5a2c-4d77-bec4-80f5a6460f2e,0,2022-04-16T23:47:15+09:00,15643653871,Order,112-6127503-6224268,FBA-OTG-RAM-JINSP-6CUP-2,"[OTTOGI] JIN RAMEN KOREAN STYLE INSTANT NOODLE, RICH SPICY FLAVOR, Instant Cup Ramen, Best tasting soup ramen, traditional gourmet taste & easy to coo",1,amazon.com,Amazon,BALTIMORE,MD,21218,16.46,0,0,0,0,0,0,-6.43,0,0,10.03,Invoiced Orders,0,,0,0,0,0
1416,2023-03-07T05:04:29.763+09:00,2023-03-07T05:04:29.763+09:00,1,5c15d817-5a2c-4d77-bec4-80f5a6460f2e,0,2022-04-27T19:38:00+09:00,15643653871,Order,113-6748499-5039461,FBA-OTG-RAM-JINSP-6CUP-2,"[OTTOGI] JIN RAMEN KOREAN STYLE INSTANT NOODLE, RICH SPICY FLAVOR, Instant Cup Ramen, Best tasting soup ramen, traditional gourmet taste & easy to coo",1,amazon.com,Amazon,Park City,UT,84098,16.36,0,0,0,0,0,-4.9,-6.43,0,0,4.54,Invoiced Orders,-0.98,MarketplaceFacilitator,0.49,0,0,0
1417,2023-03-07T05:04:29.763+09:00,2023-03-07T05:04:29.763+09:00,1,5c15d817-5a2c-4d77-bec4-80f5a6460f2e,0,2022-04-27T19:38:00+09:00,15643653871,Order,113-6748499-5039461,FBA-OTG-RAM-JINSP-6CUP-2,"[OTTOGI] JIN RAMEN KOREAN STYLE INSTANT NOODLE, RICH SPICY FLAVOR, Instant Cup Ramen, Best tasting soup ramen, traditional gourmet taste & easy to coo",1,amazon.com,Amazon,Park City,UT,84098,16.36,0,0,0,0,0,0,-6.43,0,0,10.42,Invoiced Orders,0,,0.49,0,0,0
1418,2023-03-07T05:04:29.763+09:00,2023-03-07T05:04:29.763+09:00,1,5c15d817-5a2c-4d77-bec4-80f5a6460f2e,0,2022-04-29T11:45:38+09:00,15712935371,Transfer,,,"To your account ending in: 349, Bank Transfer ID: 5TCVFGWE6ZEROCU",0,,,,,,0,0,0,0,0,0,0,0,0,-60.35,-60.35,Invoiced Orders,0,,0,0,0,0
1419,2023-03-07T05:04:29.763+09:00,2023-03-07T05:04:29.763+09:00,1,5c15d817-5a2c-4d77-bec4-80f5a6460f2e,0,2022-05-06T10:56:02+09:00,15712935371,Order,112-6191320-2030642,FBA-OTG-RAM-JINMD-1BOX,"[OTTOGI] Jin Ramen, Mild Flavor - Korean Instant Ramen Noodle, Best Tasting Soup Traditional Instant Ramen (120g) -18 Pack",1,amazon.com,Amazon,Emeryville,CA,94608,28.32,0,0,0,0,0,-8.5,-7.33,0,0,12.49,Invoiced Orders,0,MarketplaceFacilitator,0,0,0,0
1420,2023-03-07T05:04:29.763+09:00,2023-03-07T05:04:29.763+09:00,1,5c15d817-5a2c-4d77-bec4-80f5a6460f2e,0,2022-05-06T10:56:02+09:00,15712935371,Order,112-6191320-2030642,FBA-OTG-RAM-JINMD-1BOX,"[OTTOGI] Jin Ramen, Mild Flavor - Korean Instant Ramen Noodle, Best Tasting Soup Traditional Instant Ramen (120g) -18 Pack",1,amazon.com,Amazon,Emeryville,CA,94608,28.32,0,0,0,0,0,0,-7.33,0,0,20.99,Invoiced Orders,0,,0,0,0,0
1421,2023-03-07T05:04:29.763+09:00,2023-03-07T05:04:29.763+09:00,1,5c15d817-5a2c-4d77-bec4-80f5a6460f2e,0,2022-05-12T07:06:05+09:00,15712935371,Refund,114-1054234-3145840,FBA-OTG-RAM-JINSP-6CUP-2,"[OTTOGI] JIN RAMEN KOREAN STYLE INSTANT NOODLE, RICH SPICY FLAVOR, Instant Cup Ramen, Best tasting soup ramen, traditional gourmet taste & easy to coo",1,amazon.com,Amazon,San Jose,CA,95131,-16.06,0,0,0,0,0,1.93,0,0,0,-14.13,Invoiced Orders,0,MarketplaceFacilitator,0,0,0,0
1422,2023-03-07T05:04:29.763+09:00,2023-03-07T05:04:29.763+09:00,1,5c15d817-5a2c-4d77-bec4-80f5a6460f2e,0,2022-05-12T07:09:16+09:00,15712935371,Order,114-1054234-3145840,FBA-OTG-RAM-JINSP-6CUP-2,"[OTTOGI] JIN RAMEN KOREAN STYLE INSTANT NOODLE, RICH SPICY FLAVOR, Instant Cup Ramen, Best tasting soup ramen, traditional gourmet taste & easy to coo",1,amazon.com,Amazon,San Jose,CA,95131,16.06,0,0,0,0,0,-2.41,-6.43,0,0,7.22,Invoiced Orders,0,MarketplaceFacilitator,0,0,0,0
1423,2023-03-07T05:04:29.763+09:00,2023-03-07T05:04:29.763+09:00,1,5c15d817-5a2c-4d77-bec4-80f5a6460f2e,0,2022-05-12T19:59:23+09:00,15712935371,Order,111-8829316-9717000,FBA-OTG-RAM-JINSP-1BOX,"[OTTOGI] Jin Ramen, Spicy Flavor - Korean Instant Ramen Noodle, Best Tasting Soup Traditional Instant Ramen (120g) -18 Pack",1,amazon.com,Amazon,Emeryville,CA,94608,28.3,0,0,0,0,0,-4.25,-7.33,0,0,16.72,Invoiced Orders,0,MarketplaceFacilitator,0,0,0,0
1424,2023-03-07T05:04:29.763+09:00,2023-03-07T05:04:29.763+09:00,1,5c15d817-5a2c-4d77-bec4-80f5a6460f2e,0,2022-05-14T11:26:21+09:00,15925859941,Transfer,,,"To your account ending in: 349, Bank Transfer ID: 4ZYTEDRLFPSMTKI",0,,,,,,0,0,0,0,0,0,0,0,0,-43.29,-43.29,Invoiced Orders,0,,0,0,0,0
1425,2023-03-07T05:04:29.763+09:00,2023-03-07T05:04:29.763+09:00,1,5c15d817-5a2c-4d77-bec4-80f5a6460f2e,0,2022-05-19T08:07:39+09:00,15925859941,Order,113-5671882-9821816,FBA-OTG-RAM-JINMD-6CUP,"[OTTOGI] Jin Ramen Mild, KOREAN STYLE INSTANT CUP NOODLE, (65g) -6 Pack",1,amazon.com,Amazon,Berkeley,CA,94720-3370,15.78,0,0,0,0,0,-2.37,-6.43,0,0,6.98,Invoiced Orders,0,MarketplaceFacilitator,0,0,0,0
1426,2023-03-07T05:04:29.763+09:00,2023-03-07T05:04:29.763+09:00,1,5c15d817-5a2c-4d77-bec4-80f5a6460f2e,0,2022-05-28T11:34:37+09:00,15992581071,Transfer,,,"To your account ending in: 349, Bank Transfer ID: 6BQD4O1IQKUSOJ7",0,,,,,,0,0,0,0,0,0,0,0,0,-6.98,-6.98,Invoiced Orders,0,,0,0,0,0
1427,2023-03-07T05:04:29.902+09:00,2023-03-07T05:04:29.902+09:00,1,5c15d817-5a2c-4d77-bec4-80f5a6460f2e,0,2022-06-01T16:07:51+09:00,15992581071,Order,114-1774430-9409830,FBA-OTG-RAM-JINMD-6CUP,"[OTTOGI] Jin Ramen Mild, KOREAN STYLE INSTANT CUP NOODLE, (65g) -6 Pack",1,amazon.com,Amazon,REDWOOD CITY,CA,94063-1621,15.78,0,0,0,0,0,-7.11,-6.43,0,0,2.24,Invoiced Orders,0,MarketplaceFacilitator,0,0,0,0
1428,2023-03-07T05:04:29.902+09:00,2023-03-07T05:04:29.902+09:00,1,5c15d817-5a2c-4d77-bec4-80f5a6460f2e,0,2022-06-01T16:07:51+09:00,15992581071,Order,114-1774430-9409830,FBA-OTG-RAM-JINMD-6CUP,"[OTTOGI] Jin Ramen Mild, KOREAN STYLE INSTANT CUP NOODLE, (65g) -6 Pack",1,amazon.com,Amazon,REDWOOD CITY,CA,94063-1621,15.78,0,0,0,0,0,0,-6.43,0,0,9.35,Invoiced Orders,0,,0,0,0,0
1429,2023-03-07T05:04:29.902+09:00,2023-03-07T05:04:29.902+09:00,1,5c15d817-5a2c-4d77-bec4-80f5a6460f2e,1,2022-06-01T16:07:51+09:00,15992581071,Order,114-1774430-9409830,FBA-OTG-RAM-JINMD-6CUP,"[OTTOGI] Jin Ramen Mild, KOREAN STYLE INSTANT CUP NOODLE, (65g) -6 Pack",1,amazon.com,Amazon,REDWOOD CITY,CA,94063-1621,15.78,0,0,0,0,0,0,-6.43,0,0,9.35,Invoiced Orders,0,,0,0,0,0
1430,2023-03-07T05:04:29.902+09:00,2023-03-07T05:04:29.902+09:00,1,5c15d817-5a2c-4d77-bec4-80f5a6460f2e,0,2022-06-02T12:40:09+09:00,15992581071,Order,111-6303004-6290607,FBA-OTG-RAM-JINMD-6CUP,"[OTTOGI] Jin Ramen Mild, KOREAN STYLE INSTANT CUP NOODLE, (65g) -6 Pack",1,amazon.com,Amazon,New York,NY,10019,14.99,0,0,0,0,0,-1.2,-6.75,0,0,7.04,Invoiced Orders,0,MarketplaceFacilitator,0,0,0,0
1431,2023-03-07T05:05:20.131+09:00,2023-03-07T05:05:20.131+09:00,1,5c15d817-5a2c-4d77-bec4-80f5a6460f2e,0,2022-06-11T11:36:54+09:00,16066221221,Transfer,,,"To your account ending in: 349, Bank Transfer ID: 4TJGGEPP18N8RKS",0,,,,,,0,0,0,0,0,0,0,0,0,-27.98,-27.98,Invoiced Orders,0,,0,0,0,0
1432,2023-03-07T05:05:21.239+09:00,2023-03-07T05:05:21.239+09:00,1,5c15d817-5a2c-4d77-bec4-80f5a6460f2e,0,2022-08-18T12:11:47+09:00,16066221221,Order,112-9213011-5686661,FBA-OTG-RAM-JINSP-1BOX,"[OTTOGI] Jin Ramen, Spicy Flavor - Korean Instant Ramen Noodle, Best Tasting Soup Traditional Instant Ramen (120g) -18 Pack",1,amazon.com,Amazon,New York,NY,10065,23.31,0,0,0,0,0,-3.5,-7.7,0,0,12.11,Invoiced Orders,0,MarketplaceFacilitator,0,0,0,0
1433,2023-03-07T05:05:21.239+09:00,2023-03-07T05:05:21.239+09:00,1,5c15d817-5a2c-4d77-bec4-80f5a6460f2e,0,2022-08-20T11:32:46+09:00,16133110341,Transfer,,,"To your account ending in: 349, Bank Transfer ID: 2PPIO2TKVI0R8GX",0,,,,,,0,0,0,0,0,0,0,0,0,-12.11,-12.11,Invoiced Orders,0,,0,0,0,0
1434,2023-03-07T05:05:21.239+09:00,2023-03-07T05:05:21.239+09:00,1,5c15d817-5a2c-4d77-bec4-80f5a6460f2e,0,2022-08-24T10:41:55+09:00,16133110341,Order,112-5611885-6453826,FBA-OTG-RAM-JINSP-1BOX,"[OTTOGI] Jin Ramen, Spicy Flavor - Korean Instant Ramen Noodle, Best Tasting Soup Traditional Instant Ramen (120g) -18 Pack",1,amazon.com,Amazon,SAN JOSE,CA,95122-2611,23.17,0,0,0,0,0,-3.48,-7.7,0,0,11.99,Invoiced Orders,0,MarketplaceFacilitator,0,0,0,0
1435,2023-03-07T05:05:21.239+09:00,2023-03-07T05:05:21.239+09:00,1,5c15d817-5a2c-4d77-bec4-80f5a6460f2e,0,2022-08-30T18:27:19+09:00,16133110341,Order,112-7027501-1336242,FBA-OTG-RAM-JINMD-1BOX,"[OTTOGI] Jin Ramen, Mild Flavor - Korean Instant Ramen Noodle, Best Tasting Soup Traditional Instant Ramen (120g) -18 Pack",1,amazon.com,Amazon,CARROLLTON,TX,75010-6405,25.81,0,0,0,0,0,-3.87,-7.7,0,0,14.24,Invoiced Orders,0,MarketplaceFacilitator,0,0,0,0
1436,2023-03-07T05:05:21.239+09:00,2023-03-07T05:05:21.239+09:00,1,5c15d817-5a2c-4d77-bec4-80f5a6460f2e,0,2022-08-31T14:16:56+09:00,16133110341,Order,114-0893176-5176230,FBA-OTG-RCE-CKD-210G,"[OTTOGI] Delicious COOKED RICE, Gluten free, Microwavable instant cooked rice, Precooked ready to eat container (7.40oz., 12 count)",1,amazon.com,Amazon,MISSION,KS,66202-3329,19.99,0,0,0,0,0,-3,-8.01,0,0,8.98,Invoiced Orders,-1.94,MarketplaceFacilitator,1.94,0,0,0
1437,2023-03-07T05:05:21.239+09:00,2023-03-07T05:05:21.239+09:00,1,5c15d817-5a2c-4d77-bec4-80f5a6460f2e,0,2022-09-01T16:10:18+09:00,16133110341,Order,114-4970420-6074612,FBA-OTG-RAM-JINMD-6CUP,"[OTTOGI] Jin Ramen Mild, KOREAN STYLE INSTANT CUP NOODLE, (65g) -6 Pack",1,amazon.com,Amazon,REDWOOD CITY,CA,94063-1621,13.66,0,0,0,0,0,-5.45,-6.75,0,0,1.46,Invoiced Orders,0,MarketplaceFacilitator,0,0,0,0
1438,2023-03-07T05:05:21.239+09:00,2023-03-07T05:05:21.239+09:00,1,5c15d817-5a2c-4d77-bec4-80f5a6460f2e,0,2022-09-01T16:10:18+09:00,16133110341,Order,114-4970420-6074612,FBA-OTG-RAM-JINMD-6CUP,"[OTTOGI] Jin Ramen Mild, KOREAN STYLE INSTANT CUP NOODLE, (65g) -6 Pack",1,amazon.com,Amazon,REDWOOD CITY,CA,94063-1621,13.66,0,0,0,0,0,0,-6.75,0,0,6.91,Invoiced Orders,0,,0,0,0,0
1439,2023-03-07T05:05:21.239+09:00,2023-03-07T05:05:21.239+09:00,1,5c15d817-5a2c-4d77-bec4-80f5a6460f2e,1,2022-09-01T16:10:18+09:00,16133110341,Order,114-4970420-6074612,FBA-OTG-RAM-JINMD-6CUP,"[OTTOGI] Jin Ramen Mild, KOREAN STYLE INSTANT CUP NOODLE, (65g) -6 Pack",1,amazon.com,Amazon,REDWOOD CITY,CA,94063-1621,13.66,0,0,0,0,0,0,-6.75,0,0,6.91,Invoiced Orders,0,,0,0,0,0
1440,2023-03-07T05:05:21.239+09:00,2023-03-07T05:05:21.239+09:00,1,5c15d817-5a2c-4d77-bec4-80f5a6460f2e,2,2022-09-01T16:10:18+09:00,16133110341,Order,114-4970420-6074612,FBA-OTG-RAM-JINMD-6CUP,"[OTTOGI] Jin Ramen Mild, KOREAN STYLE INSTANT CUP NOODLE, (65g) -6 Pack",1,amazon.com,Amazon,REDWOOD CITY,CA,94063-1621,13.66,0,0,0,0,0,0,-6.75,0,0,6.91,Invoiced Orders,0,,0,0,0,0
1441,2023-03-07T05:05:21.239+09:00,2023-03-07T05:05:21.239+09:00,1,5c15d817-5a2c-4d77-bec4-80f5a6460f2e,3,2022-09-01T16:10:18+09:00,16133110341,Order,114-4970420-6074612,FBA-OTG-RAM-JINMD-6CUP,"[OTTOGI] Jin Ramen Mild, KOREAN STYLE INSTANT CUP NOODLE, (65g) -6 Pack",1,amazon.com,Amazon,REDWOOD CITY,CA,94063-1621,13.66,0,0,0,0,0,0,-6.75,0,0,6.91,Invoiced Orders,0,,0,0,0,0
1442,2023-03-07T05:05:21.339+09:00,2023-03-07T05:05:21.339+09:00,1,5c15d817-5a2c-4d77-bec4-80f5a6460f2e,0,2022-09-03T11:32:04+09:00,16498417051,Transfer,,,"To your account ending in: 349, Bank Transfer ID: LREFXC2AS6TKW4I",0,,,,,,0,0,0,0,0,0,0,0,0,-64.31,-64.31,Invoiced Orders,0,,0,0,0,0
1101,2023-03-07T04:19:43.91+09:00,2023-03-07T05:09:35.203+09:00,2,5c15d817-5a2c-4d77-bec4-80f5a6460f2e,0,2021-06-05T20:38:05+09:00,14245600971,Order,111-5028814-2836260,FBA-OTG-RAM-JINMD-6CUP,"[OTTOGI] Jin Ramen Mild, KOREAN STYLE INSTANT CUP NOODLE, (65g) -6 Pack",1,amazon.com,Amazon,Blacksburg,VA,24061,12.99,0,0,0,0,0,-4.16,-5.8,0,0,3.03,Invoiced Orders,0,MarketplaceFacilitator,0,0,0,0
1102,2023-03-07T04:19:43.91+09:00,2023-03-07T05:09:35.203+09:00,2,5c15d817-5a2c-4d77-bec4-80f5a6460f2e,0,2021-06-05T20:38:05+09:00,14245600971,Order,111-5028814-2836260,FBA-OTG-RAM-JINMD-6CUP,"[OTTOGI] Jin Ramen Mild, KOREAN STYLE INSTANT CUP NOODLE, (65g) -6 Pack",1,amazon.com,Amazon,Blacksburg,VA,24061,12.99,0,0,0,0,0,0,-5.8,0,0,7.19,Invoiced Orders,0,,0,0,0,0
1103,2023-03-07T04:19:43.91+09:00,2023-03-07T05:09:35.203+09:00,2,5c15d817-5a2c-4d77-bec4-80f5a6460f2e,1,2021-06-05T20:38:05+09:00,14245600971,Order,111-5028814-2836260,FBA-OTG-RAM-JINMD-6CUP,"[OTTOGI] Jin Ramen Mild, KOREAN STYLE INSTANT CUP NOODLE, (65g) -6 Pack",1,amazon.com,Amazon,Blacksburg,VA,24061,12.99,0,0,0,0,0,0,-5.8,0,0,7.19,Invoiced Orders,0,,0,0,0,0
1104,2023-03-07T04:19:43.91+09:00,2023-03-07T05:09:35.203+09:00,2,5c15d817-5a2c-4d77-bec4-80f5a6460f2e,2,2021-06-05T20:38:05+09:00,14245600971,Order,111-5028814-2836260,FBA-OTG-RAM-JINMD-6CUP,"[OTTOGI] Jin Ramen Mild, KOREAN STYLE INSTANT CUP NOODLE, (65g) -6 Pack",1,amazon.com,Amazon,Blacksburg,VA,24061,12.99,0,0,0,0,0,0,-5.8,0,0,7.19,Invoiced Orders,0,,0,0,0,0
1447,2023-03-07T05:09:35.203+09:00,2023-03-07T05:09:35.203+09:00,1,5c15d817-5a2c-4d77-bec4-80f5a6460f2e,0,2021-06-12T11:18:39+09:00,14364225931,Transfer,,,"To your account ending in: 349, Bank Transfer ID: 5B3TNEUF46Q6FNZ",0,,,,,,0,0,0,0,0,0,0,0,0,-24.6,-24.6,Invoiced Orders,0,,0,0,0,0
1448,2023-03-07T05:09:35.823+09:00,2023-03-07T05:09:35.823+09:00,1,5c15d817-5a2c-4d77-bec4-80f5a6460f2e,0,2021-07-22T19:15:20+09:00,14364225931,Order,113-6944991-8337006,FBA-OTG-RAM-JINMD-6CUP,"[OTTOGI] Jin Ramen Mild, KOREAN STYLE INSTANT CUP NOODLE, (65g) -6 Pack",1,amazon.com,Amazon,SAN FRANCISCO,CA,94103-4241,8.08,0,0,0,0,0,-0.65,-5.98,0,0,1.45,Invoiced Orders,0,MarketplaceFacilitator,0,0,0,0
1449,2023-03-07T05:09:35.823+09:00,2023-03-07T05:09:35.823+09:00,1,5c15d817-5a2c-4d77-bec4-80f5a6460f2e,0,2021-07-24T11:36:32+09:00,14420735091,Transfer,,,"To your account ending in: 349, Bank Transfer ID: GNWZ83M28LD8UML",0,,,,,,0,0,0,0,0,0,0,0,0,-1.45,-1.45,Invoiced Orders,0,,0,0,0,0
1450,2023-03-07T05:09:35.823+09:00,2023-03-07T05:09:35.823+09:00,1,5c15d817-5a2c-4d77-bec4-80f5a6460f2e,0,2021-08-01T16:04:14+09:00,14420735091,Order,114-4230190-9437867,FBA-OTG-OIL-SESAME-320ML,"[OTTOGI] Premium Roasted Sesame Oil, 100% Pure Sesame Oil, Tradtional Korean Style oil (10.82 fl oz. 320ml)",1,amazon.com,Amazon,BRONX,NY,10455-2401,8.99,0,0,0,0,0,-0.72,-5.68,0,0,2.59,Invoiced Orders,0,MarketplaceFacilitator,0,0,0,0
1451,2023-03-07T05:09:35.823+09:00,2023-03-07T05:09:35.823+09:00,1,5c15d817-5a2c-4d77-bec4-80f5a6460f2e,0,2021-08-07T12:44:20+09:00,14601792331,Transfer,,,"To your account ending in: 349, Bank Transfer ID: 3ONZUD2VX2H7MSD",0,,,,,,0,0,0,0,0,0,0,0,0,-2.59,-2.59,Invoiced Orders,0,,0,0,0,0
1452,2023-03-07T05:09:36.583+09:00,2023-03-07T05:09:36.583+09:00,1,5c15d817-5a2c-4d77-bec4-80f5a6460f2e,0,2021-09-04T20:47:34+09:00,14601792331,Order,112-7045194-8338659,FBA-OTG-RAM-JINSP-1BOX,"[OTTOGI] Jin Ramen, Spicy Flavor - Korean Instant Ramen Noodle, Best Tasting Soup Traditional Instant Ramen (120g) -18 Pack",1,amazon.com,Amazon,Park City,UT,84098,17.97,0,0,0,0,0,-2.7,-6.88,0,0,8.39,Invoiced Orders,-0.54,MarketplaceFacilitator,0.54,0,0,0
1164,2023-03-07T05:01:29.419+09:00,2023-03-07T05:02:05.856+09:00,3,5c15d817-5a2c-4d77-bec4-80f5a6460f2e,0,2022-12-24T12:44:40+09:00,17121120971,Transfer,,,"To your account ending in: 349, Bank Transfer ID: 17BRYAISIMTZYLX",0,,,,,,0,0,0,0,0,0,0,0,0,-652.28,-652.28,Invoiced Orders,0,,0,0,0,0
1165,2023-03-07T05:01:29.967+09:00,2023-03-07T05:02:06.467+09:00,3,5c15d817-5a2c-4d77-bec4-80f5a6460f2e,0,2023-01-02T14:54:01+09:00,17121120971,Order,113-3753769-5673060,FBA-OTG-RCE-CKD-210G,"[OTTOGI] Delicious COOKED RICE, Gluten free, Microwavable instant cooked rice, Precooked ready to eat container (7.40oz., 12 count)",1,amazon.com,Amazon,San Jose,CA,95131,27.31,0,0,0,0,0,-8.2,-8.54,0,0,10.57,Invoiced Orders,0,MarketplaceFacilitator,0,0,0,0
1166,2023-03-07T05:01:29.967+09:00,2023-03-07T05:02:06.467+09:00,3,5c15d817-5a2c-4d77-bec4-80f5a6460f2e,0,2023-01-02T14:54:01+09:00,17121120971,Order,113-3753769-5673060,FBA-OTG-RCE-CKD-210G,"[OTTOGI] Delicious COOKED RICE, Gluten free, Microwavable instant cooked rice, Precooked ready to eat container (7.40oz., 12 count)",1,amazon.com,Amazon,San Jose,CA,95131,27.31,0,0,0,0,0,0,-8.54,0,0,18.77,Invoiced Orders,0,,0,0,0,0
1167,2023-03-07T05:01:29.967+09:00,2023-03-07T05:02:06.467+09:00,3,5c15d817-5a2c-4d77-bec4-80f5a6460f2e,0,2023-01-02T15:44:50+09:00,17121120971,Order,112-6491132-3774614,FBA-OTG-RAM-JINSP-6CUP-2,"[OTTOGI] JIN RAMEN KOREAN STYLE INSTANT NOODLE, RICH SPICY FLAVOR, Instant Cup Ramen, Best tasting soup ramen, traditional gourmet taste & easy to coo",1,amazon.com,Amazon,GREENWOOD,IN,46143-2114,16.27,0,0,0,0,0,-2.44,-7.28,0,0,6.55,Invoiced Orders,0,MarketplaceFacilitator,0,0,0,0
1168,2023-03-07T05:01:29.967+09:00,2023-03-07T05:02:06.467+09:00,3,5c15d817-5a2c-4d77-bec4-80f5a6460f2e,0,2023-01-07T12:46:33+09:00,17209011031,Transfer,,,"To your account ending in: 349, Bank Transfer ID: 6MOKI1N1GKOX1VU",0,,,,,,0,0,0,0,0,0,0,0,0,-46.48,-46.48,Invoiced Orders,0,,0,0,0,0
1117,2023-03-07T05:01:29.419+09:00,2023-03-07T05:02:05.856+09:00,3,5c15d817-5a2c-4d77-bec4-80f5a6460f2e,0,2022-12-14T00:04:47+09:00,17042787951,Order,111-1048400-5488210,FBA-OTG-RAM-JINMD-6CUP,"[OTTOGI] Jin Ramen Mild, KOREAN STYLE INSTANT CUP NOODLE, (65g) -6 Pack",1,amazon.com,Amazon,WALDORF,MD,20602-2741,14.69,0,0,0,0,0,0,-7.28,0,0,7.41,Invoiced Orders,0,,0,0,0,0
1192,2023-03-07T05:01:30.471+09:00,2023-03-07T05:02:07.466+09:00,3,5c15d817-5a2c-4d77-bec4-80f5a6460f2e,0,2023-01-21T13:15:10+09:00,17285886431,Transfer,,,"To your account ending in: 349, Bank Transfer ID: 4SULBPA4ZWTKITY",0,,,,,,0,0,0,0,0,0,0,0,0,-168.99,-168.99,Invoiced Orders,0,,0,0,0,0
1193,2023-03-07T05:01:30.962+09:00,2023-03-07T05:02:08.438+09:00,3,5c15d817-5a2c-4d77-bec4-80f5a6460f2e,0,2023-02-01T20:26:55+09:00,17285886431,Order,111-6819552-5938645,FBA-OTG-RAM-JINMD-6CUP,"[OTTOGI] Jin Ramen Mild, KOREAN STYLE INSTANT CUP NOODLE, (65g) -6 Pack",1,amazon.com,Amazon,PHOENIX,AZ,85027-1427,15.91,0.65,0,-0.65,0,0,-2.39,-7.33,0,0,6.19,Invoiced Orders,0,MarketplaceFacilitator,0,0,0,0
1194,2023-03-07T05:01:30.962+09:00,2023-03-07T05:02:08.438+09:00,3,5c15d817-5a2c-4d77-bec4-80f5a6460f2e,0,2023-02-02T16:21:37+09:00,17285886431,Order,111-1165642-1457801,FBA-OTG-RAM-JINSP-6CUP-2,"[OTTOGI] JIN RAMEN KOREAN STYLE INSTANT NOODLE, RICH SPICY FLAVOR, Instant Cup Ramen, Best tasting soup ramen, traditional gourmet taste & easy to coo",1,amazon.com,Amazon,BOSTON,MA,02210-2001,16.11,0.75,0,-0.75,0,0,-2.42,-7.28,0,0,6.41,Invoiced Orders,0,MarketplaceFacilitator,0,0,0,0
1195,2023-03-07T05:01:30.962+09:00,2023-03-07T05:02:08.438+09:00,3,5c15d817-5a2c-4d77-bec4-80f5a6460f2e,0,2023-02-04T12:46:20+09:00,17366913181,Transfer,,,"To your account ending in: 349, Bank Transfer ID: 1IO8DR7OZF5SFK4",0,,,,,,0,0,0,0,0,0,0,0,0,-12.6,-12.6,Invoiced Orders,0,,0,0,0,0
1196,2023-03-07T05:01:30.962+09:00,2023-03-07T05:02:08.438+09:00,3,5c15d817-5a2c-4d77-bec4-80f5a6460f2e,0,2023-02-04T14:24:45+09:00,17366913181,Order,113-9562552-4605056,FBA-OTG-RAM-JINSP-6CUP-2,"[OTTOGI] JIN RAMEN KOREAN STYLE INSTANT NOODLE, RICH SPICY FLAVOR, Instant Cup Ramen, Best tasting soup ramen, traditional gourmet taste & easy to coo",1,amazon.com,Amazon,SOMERSET,NJ,08873-1242,16.05,0,0,0,0,0,-4.82,-7.28,0,0,3.95,Invoiced Orders,0,MarketplaceFacilitator,0,0,0,0
1197,2023-03-07T05:01:30.962+09:00,2023-03-07T05:02:08.438+09:00,3,5c15d817-5a2c-4d77-bec4-80f5a6460f2e,0,2023-02-04T14:24:45+09:00,17366913181,Order,113-9562552-4605056,FBA-OTG-RAM-JINSP-6CUP-2,"[OTTOGI] JIN RAMEN KOREAN STYLE INSTANT NOODLE, RICH SPICY FLAVOR, Instant Cup Ramen, Best tasting soup ramen, traditional gourmet taste & easy to coo",1,amazon.com,Amazon,SOMERSET,NJ,08873-1242,16.05,0,0,0,0,0,0,-7.28,0,0,8.77,Invoiced Orders,0,,0,0,0,0
1198,2023-03-07T05:01:30.962+09:00,2023-03-07T05:02:08.438+09:00,3,5c15d817-5a2c-4d77-bec4-80f5a6460f2e,0,2023-02-11T22:13:57+09:00,17366913181,Order,111-8145679-8263451,FBA-OTG-NDLE-VER-500G,"[OTTOGI] Korean Vermicelli Glass Noodle, Sweet Potato Noodles, 100% Sweet Potato Starch 17.63 Oz",1,amazon.com,Amazon,Chester,NY,10918,12.3,0,0,0,0,0,-0.98,-6.08,0,0,5.24,Invoiced Orders,0,MarketplaceFacilitator,0,0,0,0
1199,2023-03-07T05:01:31.463+09:00,2023-03-07T05:02:09.719+09:00,3,5c15d817-5a2c-4d77-bec4-80f5a6460f2e,0,2023-02-18T12:45:17+09:00,17443815711,Transfer,,,"To your account ending in: 349, Bank Transfer ID: 6AU85DN2RBYZ65K",0,,,,,,0,0,0,0,0,0,0,0,0,-17.96,-17.96,Invoiced Orders,0,,0,0,0,0
1105,2023-03-07T05:01:29.419+09:00,2023-03-07T05:02:05.856+09:00,3,5c15d817-5a2c-4d77-bec4-80f5a6460f2e,0,2022-12-09T09:49:44+09:00,17042787951,Order,112-5997643-3013027,FBA-OTG-RAM-JINSP-6CUP-2,"[OTTOGI] JIN RAMEN KOREAN STYLE INSTANT NOODLE, RICH SPICY FLAVOR, Instant Cup Ramen, Best tasting soup ramen, traditional gourmet taste & easy to coo",1,amazon.com,Amazon,WEST CHICAGO,IL,60185-2061,14.31,0,0,0,0,0,-3.42,-7.28,0,0,3.39,Invoiced Orders,-0.33,MarketplaceFacilitator,0.11,0,0,0
1106,2023-03-07T05:01:29.419+09:00,2023-03-07T05:02:05.856+09:00,3,5c15d817-5a2c-4d77-bec4-80f5a6460f2e,0,2022-12-09T09:49:44+09:00,17042787951,Order,112-5997643-3013027,FBA-OTG-RAM-JINSP-6CUP-2,"[OTTOGI] JIN RAMEN KOREAN STYLE INSTANT NOODLE, RICH SPICY FLAVOR, Instant Cup Ramen, Best tasting soup ramen, traditional gourmet taste & easy to coo",1,amazon.com,Amazon,WEST CHICAGO,IL,60185-2061,14.31,0,0,0,0,0,0,-7.28,0,0,7.14,Invoiced Orders,0,,0.11,0,0,0
1107,2023-03-07T05:01:29.419+09:00,2023-03-07T05:02:05.856+09:00,3,5c15d817-5a2c-4d77-bec4-80f5a6460f2e,1,2022-12-09T09:49:44+09:00,17042787951,Order,112-5997643-3013027,FBA-OTG-RAM-JINSP-6CUP-2,"[OTTOGI] JIN RAMEN KOREAN STYLE INSTANT NOODLE, RICH SPICY FLAVOR, Instant Cup Ramen, Best tasting soup ramen, traditional gourmet taste & easy to coo",1,amazon.com,Amazon,WEST CHICAGO,IL,60185-2061,14.31,0,0,0,0,0,0,-7.28,0,0,7.14,Invoiced Orders,0,,0.11,0,0,0
1108,2023-03-07T05:01:29.419+09:00,2023-03-07T05:02:05.856+09:00,3,5c15d817-5a2c-4d77-bec4-80f5a6460f2e,0,2022-12-10T13:12:25+09:00,17042787951,Transfer,,,"To your account ending in: 349, Bank Transfer ID: 6SPS2V0OG5K8LYY",0,,,,,,0,0,0,0,0,0,0,0,0,-38.96,-38.96,Invoiced Orders,0,,0,0,0,0
1109,2023-03-07T05:01:29.419+09:00,2023-03-07T05:02:05.856+09:00,3,5c15d817-5a2c-4d77-bec4-80f5a6460f2e,0,2022-12-13T20:43:28+09:00,17042787951,Order,114-7810657-5884232,FBA-OTG-RAM-JINSP-6CUP-2,"[OTTOGI] JIN RAMEN KOREAN STYLE INSTANT NOODLE, RICH SPICY FLAVOR, Instant Cup Ramen, Best tasting soup ramen, traditional gourmet taste & easy to coo",1,amazon.com,Amazon,FONTANA,CA,92337-8011,14.15,2,0,0,0,0,-3.39,-13.27,0,0,-0.51,Invoiced Orders,0,MarketplaceFacilitator,0,0,0,0
1110,2023-03-07T05:01:29.419+09:00,2023-03-07T05:02:05.856+09:00,3,5c15d817-5a2c-4d77-bec4-80f5a6460f2e,0,2022-12-13T20:43:28+09:00,17042787951,Order,114-7810657-5884232,FBA-OTG-RAM-JINSP-6CUP-2,"[OTTOGI] JIN RAMEN KOREAN STYLE INSTANT NOODLE, RICH SPICY FLAVOR, Instant Cup Ramen, Best tasting soup ramen, traditional gourmet taste & easy to coo",1,amazon.com,Amazon,FONTANA,CA,92337-8011,14.15,1.99,0,0,0,0,0,-7.28,0,0,8.86,Invoiced Orders,0,,0,0,0,0
1111,2023-03-07T05:01:29.419+09:00,2023-03-07T05:02:05.856+09:00,3,5c15d817-5a2c-4d77-bec4-80f5a6460f2e,0,2022-12-13T20:43:28+09:00,17042787951,Order,114-7810657-5884232,FBA-OTG-RAM-JINSP-6CUP-2,"[OTTOGI] JIN RAMEN KOREAN STYLE INSTANT NOODLE, RICH SPICY FLAVOR, Instant Cup Ramen, Best tasting soup ramen, traditional gourmet taste & easy to coo",1,amazon.com,Amazon,FONTANA,CA,92337-8011,14.15,2,0,0,0,0,0,-7.28,0,0,8.87,Invoiced Orders,0,,0,0,0,0
1112,2023-03-07T05:01:29.419+09:00,2023-03-07T05:02:05.856+09:00,3,5c15d817-5a2c-4d77-bec4-80f5a6460f2e,0,2022-12-13T23:45:35+09:00,17042787951,Order,111-1048400-5488210,FBA-OTG-RAM-JINMD-6CUP,"[OTTOGI] Jin Ramen Mild, KOREAN STYLE INSTANT CUP NOODLE, (65g) -6 Pack",1,amazon.com,Amazon,WALDORF,MD,20602-2741,14.69,0,0,0,0,0,-4.72,-7.28,0,0,2.69,Invoiced Orders,0,MarketplaceFacilitator,0,0,0,0
1200,2023-03-07T05:01:31.463+09:00,2023-03-07T05:02:09.719+09:00,3,5c15d817-5a2c-4d77-bec4-80f5a6460f2e,0,2023-02-20T10:20:46+09:00,17443815711,Order,112-3471336-0740206,FBA-OTG-RAM-JINSP-6CUP-2,"[OTTOGI] JIN RAMEN KOREAN STYLE INSTANT NOODLE, RICH SPICY FLAVOR, Instant Cup Ramen, Best tasting soup ramen, traditional gourmet taste & easy to coo",1,amazon.com,Amazon,Emeryville,CA,94608,16.03,3.24,0,-3.24,0,0,-2.4,-7.33,0,0,6.3,Invoiced Orders,0,MarketplaceFacilitator,0,0,0,0
1000,2023-03-07T03:56:56.106+09:00,2023-03-07T05:02:09.907+09:00,4,5c15d817-5a2c-4d77-bec4-80f5a6460f2e,0,2023-03-04T02:32:03+09:00,17525183891,Order,113-3526116-7917003,FBA-OTG-RAM-JINMD-6CUP,"[OTTOGI] Jin Ramen Mild, KOREAN STYLE INSTANT CUP NOODLE, (65g) -6 Pack",1,amazon.com,Amazon,Berkeley,CA,94720-3370,15.83,0,0,0,0,0,-4.74,-7.33,0,0,3.76,Invoiced Orders,0,MarketplaceFacilitator,0,0,0,0
1001,2023-03-07T03:56:56.106+09:00,2023-03-07T05:02:09.907+09:00,4,5c15d817-5a2c-4d77-bec4-80f5a6460f2e,0,2023-03-04T02:32:03+09:00,17525183891,Order,113-3526116-7917003,FBA-OTG-RAM-JINMD-6CUP,"[OTTOGI] Jin Ramen Mild, KOREAN STYLE INSTANT CUP NOODLE, (65g) -6 Pack",1,amazon.com,Amazon,Berkeley,CA,94720-3370,15.83,0,0,0,0,0,0,-7.33,0,0,8.5,Invoiced Orders,0,,0,0,0,0
1002,2023-03-07T03:56:56.106+09:00,2023-03-07T05:02:09.907+09:00,4,5c15d817-5a2c-4d77-bec4-80f5a6460f2e,0,2023-03-04T07:11:17+09:00,17525183891,Order,113-4602387-0109851,OTG-RAM-JINMD-6BOWL-1BOX-2,"[OTTOGI] JIN RAMEN MILD, KOREAN STYLE INSTANT NOODLE, RICH FLAVOR, Instant Cup Bowl Ramen, Best tasting ramyun, Traditional gourmet taste [6 BOWL] (11",1,amazon.com,Amazon,NOVATO,CA,94945-1444,24.99,0,0,0,0,0,-3.75,-12.67,0,0,8.57,Invoiced Orders,0,MarketplaceFacilitator,0,0,0,0
1003,2023-03-07T03:56:56.106+09:00,2023-03-07T05:02:09.907+09:00,4,5c15d817-5a2c-4d77-bec4-80f5a6460f2e,0,2023-03-04T12:41:24+09:00,17525183891,Transfer,,,"To your account ending in: 349, Bank Transfer ID: 5HEGKI45EE4LL1W",0,,,,,,0,0,0,0,0,0,0,0,0,-6.3,-6.3,Invoiced Orders,0,,0,0,0,0
1004,2023-03-07T03:56:56.106+09:00,2023-03-07T05:02:09.907+09:00,4,5c15d817-5a2c-4d77-bec4-80f5a6460f2e,0,2023-03-04T21:43:02+09:00,17525183891,Order,114-8336086-1291446,FBA-OTG-RAM-JINMD-6CUP,"[OTTOGI] Jin Ramen Mild, KOREAN STYLE INSTANT CUP NOODLE, (65g) -6 Pack",1,amazon.com,Amazon,New York,NY,10019,15.75,0,0,0,0,0,-2.36,-7.33,0,0,6.06,Invoiced Orders,0,MarketplaceFacilitator,0,0,0,0
1113,2023-03-07T05:01:29.419+09:00,2023-03-07T05:02:05.856+09:00,3,5c15d817-5a2c-4d77-bec4-80f5a6460f2e,0,2022-12-13T23:45:35+09:00,17042787951,Order,111-1048400-5488210,FBA-OTG-RAM-JINMD-6CUP,"[OTTOGI] Jin Ramen Mild, KOREAN STYLE INSTANT CUP NOODLE, (65g) -6 Pack",1,amazon.com,Amazon,WALDORF,MD,20602-2741,14.69,0,0,0,0,0,0,-7.28,0,0,7.41,Invoiced Orders,0,,0,0,0,0
1114,2023-03-07T05:01:29.419+09:00,2023-03-07T05:02:05.856+09:00,3,5c15d817-5a2c-4d77-bec4-80f5a6460f2e,1,2022-12-13T23:45:35+09:00,17042787951,Order,111-1048400-5488210,FBA-OTG-RAM-JINMD-6CUP,"[OTTOGI] Jin Ramen Mild, KOREAN STYLE INSTANT CUP NOODLE, (65g) -6 Pack",1,amazon.com,Amazon,WALDORF,MD,20602-2741,14.69,0,0,0,0,0,0,-7.28,0,0,7.41,Invoiced Orders,0,,0,0,0,0
1115,2023-03-07T05:01:29.419+09:00,2023-03-07T05:02:05.856+09:00,3,5c15d817-5a2c-4d77-bec4-80f5a6460f2e,2,2022-12-13T23:45:35+09:00,17042787951,Order,111-1048400-5488210,FBA-OTG-RAM-JINMD-6CUP,"[OTTOGI] Jin Ramen Mild, KOREAN STYLE INSTANT CUP NOODLE, (65g) -6 Pack",1,amazon.com,Amazon,WALDORF,MD,20602-2741,14.69,0,0,0,0,0,0,-7.28,0,0,7.41,Invoiced Orders,0,,0,0,0,0
1116,2023-03-07T05:01:29.419+09:00,2023-03-07T05:02:05.856+09:00,3,5c15d817-5a2c-4d77-bec4-80f5a6460f2e,0,2022-12-14T00:04:47+09:00,17042787951,Order,111-1048400-5488210,FBA-OTG-RAM-JINMD-6CUP,"[OTTOGI] Jin Ramen Mild, KOREAN STYLE INSTANT CUP NOODLE, (65g) -6 Pack",1,amazon.com,Amazon,WALDORF,MD,20602-2741,14.69,0,0,0,0,0,-7.08,-7.28,0,0,0.33,Invoiced Orders,0,MarketplaceFacilitator,0,0,0,0
1118,2023-03-07T05:01:29.419+09:00,2023-03-07T05:02:05.856+09:00,3,5c15d817-5a2c-4d77-bec4-80f5a6460f2e,1,2022-12-14T00:04:47+09:00,17042787951,Order,111-1048400-5488210,FBA-OTG-RAM-JINMD-6CUP,"[OTTOGI] Jin Ramen Mild, KOREAN STYLE INSTANT CUP NOODLE, (65g) -6 Pack",1,amazon.com,Amazon,WALDORF,MD,20602-2741,14.69,0,0,0,0,0,0,-7.28,0,0,7.41,Invoiced Orders,0,,0,0,0,0
1119,2023-03-07T05:01:29.419+09:00,2023-03-07T05:02:05.856+09:00,3,5c15d817-5a2c-4d77-bec4-80f5a6460f2e,2,2022-12-14T00:04:47+09:00,17042787951,Order,111-1048400-5488210,FBA-OTG-RAM-JINMD-6CUP,"[OTTOGI] Jin Ramen Mild, KOREAN STYLE INSTANT CUP NOODLE, (65g) -6 Pack",1,amazon.com,Amazon,WALDORF,MD,20602-2741,14.69,0,0,0,0,0,0,-7.28,0,0,7.41,Invoiced Orders,0,,0,0,0,0
1120,2023-03-07T05:01:29.419+09:00,2023-03-07T05:02:05.856+09:00,3,5c15d817-5a2c-4d77-bec4-80f5a6460f2e,3,2022-12-14T00:04:47+09:00,17042787951,Order,111-1048400-5488210,FBA-OTG-RAM-JINMD-6CUP,"[OTTOGI] Jin Ramen Mild, KOREAN STYLE INSTANT CUP NOODLE, (65g) -6 Pack",1,amazon.com,Amazon,WALDORF,MD,20602-2741,14.69,0,0,0,0,0,0,-7.28,0,0,7.41,Invoiced Orders,0,,0,0,0,0
1121,2023-03-07T05:01:29.419+09:00,2023-03-07T05:02:05.856+09:00,3,5c15d817-5a2c-4d77-bec4-80f5a6460f2e,4,2022-12-14T00:04:47+09:00,17042787951,Order,111-1048400-5488210,FBA-OTG-RAM-JINMD-6CUP,"[OTTOGI] Jin Ramen Mild, KOREAN STYLE INSTANT CUP NOODLE, (65g) -6 Pack",1,amazon.com,Amazon,WALDORF,MD,20602-2741,14.69,0,0,0,0,0,0,-7.28,0,0,7.41,Invoiced Orders,0,,0,0,0,0
1122,2023-03-07T05:01:29.419+09:00,2023-03-07T05:02:05.856+09:00,3,5c15d817-5a2c-4d77-bec4-80f5a6460f2e,0,2022-12-17T18:22:36+09:00,17042787951,Order,112-1923604-0557826,FBA-OTG-RAM-JINMD-6CUP,"[OTTOGI] Jin Ramen Mild, KOREAN STYLE INSTANT CUP NOODLE, (65g) -6 Pack",1,amazon.com,Amazon,Cambridge,MA,02139,16.43,0,0,0,0,0,-2.46,-7.28,0,0,6.69,Invoiced Orders,0,MarketplaceFacilitator,0,0,0,0
1123,2023-03-07T05:01:29.419+09:00,2023-03-07T05:02:05.856+09:00,3,5c15d817-5a2c-4d77-bec4-80f5a6460f2e,0,2022-12-18T01:46:20+09:00,17042787951,Order,114-2587024-6220263,FBA-OTG-RCE-CKD-210G,"[OTTOGI] Delicious COOKED RICE, Gluten free, Microwavable instant cooked rice, Precooked ready to eat container (7.40oz., 12 count)",1,amazon.com,Amazon,KINGSTON,WA,98346-9700,26.18,0,0,0,0,0,-19.65,-8.54,0,0,-2.01,Invoiced Orders,0,MarketplaceFacilitator,0,0,0,0
1124,2023-03-07T05:01:29.419+09:00,2023-03-07T05:02:05.856+09:00,3,5c15d817-5a2c-4d77-bec4-80f5a6460f2e,0,2022-12-18T01:46:20+09:00,17042787951,Order,114-2587024-6220263,FBA-OTG-RCE-CKD-210G,"[OTTOGI] Delicious COOKED RICE, Gluten free, Microwavable instant cooked rice, Precooked ready to eat container (7.40oz., 12 count)",1,amazon.com,Amazon,KINGSTON,WA,98346-9700,26.18,0,0,0,0,0,0,-8.54,0,0,17.64,Invoiced Orders,0,,0,0,0,0
1125,2023-03-07T05:01:29.419+09:00,2023-03-07T05:02:05.856+09:00,3,5c15d817-5a2c-4d77-bec4-80f5a6460f2e,1,2022-12-18T01:46:20+09:00,17042787951,Order,114-2587024-6220263,FBA-OTG-RCE-CKD-210G,"[OTTOGI] Delicious COOKED RICE, Gluten free, Microwavable instant cooked rice, Precooked ready to eat container (7.40oz., 12 count)",1,amazon.com,Amazon,KINGSTON,WA,98346-9700,26.18,0,0,0,0,0,0,-8.54,0,0,17.64,Invoiced Orders,0,,0,0,0,0
1126,2023-03-07T05:01:29.419+09:00,2023-03-07T05:02:05.856+09:00,3,5c15d817-5a2c-4d77-bec4-80f5a6460f2e,2,2022-12-18T01:46:20+09:00,17042787951,Order,114-2587024-6220263,FBA-OTG-RCE-CKD-210G,"[OTTOGI] Delicious COOKED RICE, Gluten free, Microwavable instant cooked rice, Precooked ready to eat container (7.40oz., 12 count)",1,amazon.com,Amazon,KINGSTON,WA,98346-9700,26.18,0,0,0,0,0,0,-8.54,0,0,17.64,Invoiced Orders,0,,0,0,0,0
1127,2023-03-07T05:01:29.419+09:00,2023-03-07T05:02:05.856+09:00,3,5c15d817-5a2c-4d77-bec4-80f5a6460f2e,3,2022-12-18T01:46:20+09:00,17042787951,Order,114-2587024-6220263,FBA-OTG-RCE-CKD-210G,"[OTTOGI] Delicious COOKED RICE, Gluten free, Microwavable instant cooked rice, Precooked ready to eat container (7.40oz., 12 count)",1,amazon.com,Amazon,KINGSTON,WA,98346-9700,26.18,0,0,0,0,0,0,-8.54,0,0,17.64,Invoiced Orders,0,,0,0,0,0
1128,2023-03-07T05:01:29.419+09:00,2023-03-07T05:02:05.856+09:00,3,5c15d817-5a2c-4d77-bec4-80f5a6460f2e,0,2022-12-18T20:01:30+09:00,17042787951,Order,114-2587024-6220263,FBA-OTG-RCE-CKD-210G,"[OTTOGI] Delicious COOKED RICE, Gluten free, Microwavable instant cooked rice, Precooked ready to eat container (7.40oz., 12 count)",1,amazon.com,Amazon,KINGSTON,WA,98346-9700,26.18,0,0,0,0,0,-19.65,-8.54,0,0,-2.01,Invoiced Orders,0,MarketplaceFacilitator,0,0,0,0
1129,2023-03-07T05:01:29.419+09:00,2023-03-07T05:02:05.856+09:00,3,5c15d817-5a2c-4d77-bec4-80f5a6460f2e,0,2022-12-18T20:01:30+09:00,17042787951,Order,114-2587024-6220263,FBA-OTG-RCE-CKD-210G,"[OTTOGI] Delicious COOKED RICE, Gluten free, Microwavable instant cooked rice, Precooked ready to eat container (7.40oz., 12 count)",1,amazon.com,Amazon,KINGSTON,WA,98346-9700,26.18,0,0,0,0,0,0,-8.54,0,0,17.64,Invoiced Orders,0,,0,0,0,0
1130,2023-03-07T05:01:29.419+09:00,2023-03-07T05:02:05.856+09:00,3,5c15d817-5a2c-4d77-bec4-80f5a6460f2e,1,2022-12-18T20:01:30+09:00,17042787951,Order,114-2587024-6220263,FBA-OTG-RCE-CKD-210G,"[OTTOGI] Delicious COOKED RICE, Gluten free, Microwavable instant cooked rice, Precooked ready to eat container (7.40oz., 12 count)",1,amazon.com,Amazon,KINGSTON,WA,98346-9700,26.18,0,0,0,0,0,0,-8.54,0,0,17.64,Invoiced Orders,0,,0,0,0,0
1131,2023-03-07T05:01:29.419+09:00,2023-03-07T05:02:05.856+09:00,3,5c15d817-5a2c-4d77-bec4-80f5a6460f2e,2,2022-12-18T20:01:30+09:00,17042787951,Order,114-2587024-6220263,FBA-OTG-RCE-CKD-210G,"[OTTOGI] Delicious COOKED RICE, Gluten free, Microwavable instant cooked rice, Precooked ready to eat container (7.40oz., 12 count)",1,amazon.com,Amazon,KINGSTON,WA,98346-9700,26.18,0,0,0,0,0,0,-8.54,0,0,17.64,Invoiced Orders,0,,0,0,0,0
1132,2023-03-07T05:01:29.419+09:00,2023-03-07T05:02:05.856+09:00,3,5c15d817-5a2c-4d77-bec4-80f5a6460f2e,3,2022-12-18T20:01:30+09:00,17042787951,Order,114-2587024-6220263,FBA-OTG-RCE-CKD-210G,"[OTTOGI] Delicious COOKED RICE, Gluten free, Microwavable instant cooked rice, Precooked ready to eat container (7.40oz., 12 count)",1,amazon.com,Amazon,KINGSTON,WA,98346-9700,26.18,0,0,0,0,0,0,-8.54,0,0,17.64,Invoiced Orders,0,,0,0,0,0
1133,2023-03-07T05:01:29.419+09:00,2023-03-07T05:02:05.856+09:00,3,5c15d817-5a2c-4d77-bec4-80f5a6460f2e,0,2022-12-20T16:14:33+09:00,17042787951,Order,114-2587024-6220263,FBA-OTG-RCE-CKD-210G,"[OTTOGI] Delicious COOKED RICE, Gluten free, Microwavable instant cooked rice, Precooked ready to eat container (7.40oz., 12 count)",1,amazon.com,Amazon,KINGSTON,WA,98346-9700,26.18,0,0,0,0,0,-19.65,-8.54,0,0,-2.01,Invoiced Orders,0,MarketplaceFacilitator,0,0,0,0
1134,2023-03-07T05:01:29.419+09:00,2023-03-07T05:02:05.856+09:00,3,5c15d817-5a2c-4d77-bec4-80f5a6460f2e,0,2022-12-20T16:14:33+09:00,17042787951,Order,114-2587024-6220263,FBA-OTG-RCE-CKD-210G,"[OTTOGI] Delicious COOKED RICE, Gluten free, Microwavable instant cooked rice, Precooked ready to eat container (7.40oz., 12 count)",1,amazon.com,Amazon,KINGSTON,WA,98346-9700,26.18,0,0,0,0,0,0,-8.54,0,0,17.64,Invoiced Orders,0,,0,0,0,0
1135,2023-03-07T05:01:29.419+09:00,2023-03-07T05:02:05.856+09:00,3,5c15d817-5a2c-4d77-bec4-80f5a6460f2e,1,2022-12-20T16:14:33+09:00,17042787951,Order,114-2587024-6220263,FBA-OTG-RCE-CKD-210G,"[OTTOGI] Delicious COOKED RICE, Gluten free, Microwavable instant cooked rice, Precooked ready to eat container (7.40oz., 12 count)",1,amazon.com,Amazon,KINGSTON,WA,98346-9700,26.18,0,0,0,0,0,0,-8.54,0,0,17.64,Invoiced Orders,0,,0,0,0,0
1136,2023-03-07T05:01:29.419+09:00,2023-03-07T05:02:05.856+09:00,3,5c15d817-5a2c-4d77-bec4-80f5a6460f2e,2,2022-12-20T16:14:33+09:00,17042787951,Order,114-2587024-6220263,FBA-OTG-RCE-CKD-210G,"[OTTOGI] Delicious COOKED RICE, Gluten free, Microwavable instant cooked rice, Precooked ready to eat container (7.40oz., 12 count)",1,amazon.com,Amazon,KINGSTON,WA,98346-9700,26.18,0,0,0,0,0,0,-8.54,0,0,17.64,Invoiced Orders,0,,0,0,0,0
1137,2023-03-07T05:01:29.419+09:00,2023-03-07T05:02:05.856+09:00,3,5c15d817-5a2c-4d77-bec4-80f5a6460f2e,3,2022-12-20T16:14:33+09:00,17042787951,Order,114-2587024-6220263,FBA-OTG-RCE-CKD-210G,"[OTTOGI] Delicious COOKED RICE, Gluten free, Microwavable instant cooked rice, Precooked ready to eat container (7.40oz., 12 count)",1,amazon.com,Amazon,KINGSTON,WA,98346-9700,26.18,0,0,0,0,0,0,-8.54,0,0,17.64,Invoiced Orders,0,,0,0,0,0
1138,2023-03-07T05:01:29.419+09:00,2023-03-07T05:02:05.856+09:00,3,5c15d817-5a2c-4d77-bec4-80f5a6460f2e,0,2022-12-20T16:14:57+09:00,17042787951,Order,114-2587024-6220263,FBA-OTG-RCE-CKD-210G,"[OTTOGI] Delicious COOKED RICE, Gluten free, Microwavable instant cooked rice, Precooked ready to eat container (7.40oz., 12 count)",1,amazon.com,Amazon,KINGSTON,WA,98346-9700,26.18,0,0,0,0,0,-19.65,-8.54,0,0,-2.01,Invoiced Orders,0,MarketplaceFacilitator,0,0,0,0
1139,2023-03-07T05:01:29.419+09:00,2023-03-07T05:02:05.856+09:00,3,5c15d817-5a2c-4d77-bec4-80f5a6460f2e,0,2022-12-20T16:14:57+09:00,17042787951,Order,114-2587024-6220263,FBA-OTG-RCE-CKD-210G,"[OTTOGI] Delicious COOKED RICE, Gluten free, Microwavable instant cooked rice, Precooked ready to eat container (7.40oz., 12 count)",1,amazon.com,Amazon,KINGSTON,WA,98346-9700,26.18,0,0,0,0,0,0,-8.54,0,0,17.64,Invoiced Orders,0,,0,0,0,0
1140,2023-03-07T05:01:29.419+09:00,2023-03-07T05:02:05.856+09:00,3,5c15d817-5a2c-4d77-bec4-80f5a6460f2e,1,2022-12-20T16:14:57+09:00,17042787951,Order,114-2587024-6220263,FBA-OTG-RCE-CKD-210G,"[OTTOGI] Delicious COOKED RICE, Gluten free, Microwavable instant cooked rice, Precooked ready to eat container (7.40oz., 12 count)",1,amazon.com,Amazon,KINGSTON,WA,98346-9700,26.18,0,0,0,0,0,0,-8.54,0,0,17.64,Invoiced Orders,0,,0,0,0,0
1141,2023-03-07T05:01:29.419+09:00,2023-03-07T05:02:05.856+09:00,3,5c15d817-5a2c-4d77-bec4-80f5a6460f2e,2,2022-12-20T16:14:57+09:00,17042787951,Order,114-2587024-6220263,FBA-OTG-RCE-CKD-210G,"[OTTOGI] Delicious COOKED RICE, Gluten free, Microwavable instant cooked rice, Precooked ready to eat container (7.40oz., 12 count)",1,amazon.com,Amazon,KINGSTON,WA,98346-9700,26.18,0,0,0,0,0,0,-8.54,0,0,17.64,Invoiced Orders,0,,0,0,0,0
1142,2023-03-07T05:01:29.419+09:00,2023-03-07T05:02:05.856+09:00,3,5c15d817-5a2c-4d77-bec4-80f5a6460f2e,3,2022-12-20T16:14:57+09:00,17042787951,Order,114-2587024-6220263,FBA-OTG-RCE-CKD-210G,"[OTTOGI] Delicious COOKED RICE, Gluten free, Microwavable instant cooked rice, Precooked ready to eat container (7.40oz., 12 count)",1,amazon.com,Amazon,KINGSTON,WA,98346-9700,26.18,0,0,0,0,0,0,-8.54,0,0,17.64,Invoiced Orders,0,,0,0,0,0
1143,2023-03-07T05:01:29.419+09:00,2023-03-07T05:02:05.856+09:00,3,5c15d817-5a2c-4d77-bec4-80f5a6460f2e,0,2022-12-20T16:20:39+09:00,17042787951,Order,114-2587024-6220263,FBA-OTG-RCE-CKD-210G,"[OTTOGI] Delicious COOKED RICE, Gluten free, Microwavable instant cooked rice, Precooked ready to eat container (7.40oz., 12 count)",1,amazon.com,Amazon,KINGSTON,WA,98346-9700,26.18,0,0,0,0,0,-19.65,-8.54,0,0,-2.01,Invoiced Orders,0,MarketplaceFacilitator,0,0,0,0
1144,2023-03-07T05:01:29.419+09:00,2023-03-07T05:02:05.856+09:00,3,5c15d817-5a2c-4d77-bec4-80f5a6460f2e,0,2022-12-20T16:20:39+09:00,17042787951,Order,114-2587024-6220263,FBA-OTG-RCE-CKD-210G,"[OTTOGI] Delicious COOKED RICE, Gluten free, Microwavable instant cooked rice, Precooked ready to eat container (7.40oz., 12 count)",1,amazon.com,Amazon,KINGSTON,WA,98346-9700,26.18,0,0,0,0,0,0,-8.54,0,0,17.64,Invoiced Orders,0,,0,0,0,0
1145,2023-03-07T05:01:29.419+09:00,2023-03-07T05:02:05.856+09:00,3,5c15d817-5a2c-4d77-bec4-80f5a6460f2e,1,2022-12-20T16:20:39+09:00,17042787951,Order,114-2587024-6220263,FBA-OTG-RCE-CKD-210G,"[OTTOGI] Delicious COOKED RICE, Gluten free, Microwavable instant cooked rice, Precooked ready to eat container (7.40oz., 12 count)",1,amazon.com,Amazon,KINGSTON,WA,98346-9700,26.18,0,0,0,0,0,0,-8.54,0,0,17.64,Invoiced Orders,0,,0,0,0,0
1146,2023-03-07T05:01:29.419+09:00,2023-03-07T05:02:05.856+09:00,3,5c15d817-5a2c-4d77-bec4-80f5a6460f2e,2,2022-12-20T16:20:39+09:00,17042787951,Order,114-2587024-6220263,FBA-OTG-RCE-CKD-210G,"[OTTOGI] Delicious COOKED RICE, Gluten free, Microwavable instant cooked rice, Precooked ready to eat container (7.40oz., 12 count)",1,amazon.com,Amazon,KINGSTON,WA,98346-9700,26.18,0,0,0,0,0,0,-8.54,0,0,17.64,Invoiced Orders,0,,0,0,0,0
1147,2023-03-07T05:01:29.419+09:00,2023-03-07T05:02:05.856+09:00,3,5c15d817-5a2c-4d77-bec4-80f5a6460f2e,3,2022-12-20T16:20:39+09:00,17042787951,Order,114-2587024-6220263,FBA-OTG-RCE-CKD-210G,"[OTTOGI] Delicious COOKED RICE, Gluten free, Microwavable instant cooked rice, Precooked ready to eat container (7.40oz., 12 count)",1,amazon.com,Amazon,KINGSTON,WA,98346-9700,26.18,0,0,0,0,0,0,-8.54,0,0,17.64,Invoiced Orders,0,,0,0,0,0
1148,2023-03-07T05:01:29.419+09:00,2023-03-07T05:02:05.856+09:00,3,5c15d817-5a2c-4d77-bec4-80f5a6460f2e,0,2022-12-22T06:58:47+09:00,17042787951,Order,114-2587024-6220263,FBA-OTG-RCE-CKD-210G,"[OTTOGI] Delicious COOKED RICE, Gluten free, Microwavable instant cooked rice, Precooked ready to eat container (7.40oz., 12 count)",1,amazon.com,Amazon,KINGSTON,WA,98346-9700,26.18,0,0,0,0,0,-19.65,-8.54,0,0,-2.01,Invoiced Orders,0,MarketplaceFacilitator,0,0,0,0
1149,2023-03-07T05:01:29.419+09:00,2023-03-07T05:02:05.856+09:00,3,5c15d817-5a2c-4d77-bec4-80f5a6460f2e,0,2022-12-22T06:58:47+09:00,17042787951,Order,114-2587024-6220263,FBA-OTG-RCE-CKD-210G,"[OTTOGI] Delicious COOKED RICE, Gluten free, Microwavable instant cooked rice, Precooked ready to eat container (7.40oz., 12 count)",1,amazon.com,Amazon,KINGSTON,WA,98346-9700,26.18,0,0,0,0,0,0,-8.54,0,0,17.64,Invoiced Orders,0,,0,0,0,0
1150,2023-03-07T05:01:29.419+09:00,2023-03-07T05:02:05.856+09:00,3,5c15d817-5a2c-4d77-bec4-80f5a6460f2e,1,2022-12-22T06:58:47+09:00,17042787951,Order,114-2587024-6220263,FBA-OTG-RCE-CKD-210G,"[OTTOGI] Delicious COOKED RICE, Gluten free, Microwavable instant cooked rice, Precooked ready to eat container (7.40oz., 12 count)",1,amazon.com,Amazon,KINGSTON,WA,98346-9700,26.18,0,0,0,0,0,0,-8.54,0,0,17.64,Invoiced Orders,0,,0,0,0,0
1151,2023-03-07T05:01:29.419+09:00,2023-03-07T05:02:05.856+09:00,3,5c15d817-5a2c-4d77-bec4-80f5a6460f2e,2,2022-12-22T06:58:47+09:00,17042787951,Order,114-2587024-6220263,FBA-OTG-RCE-CKD-210G,"[OTTOGI] Delicious COOKED RICE, Gluten free, Microwavable instant cooked rice, Precooked ready to eat container (7.40oz., 12 count)",1,amazon.com,Amazon,KINGSTON,WA,98346-9700,26.18,0,0,0,0,0,0,-8.54,0,0,17.64,Invoiced Orders,0,,0,0,0,0
1152,2023-03-07T05:01:29.419+09:00,2023-03-07T05:02:05.856+09:00,3,5c15d817-5a2c-4d77-bec4-80f5a6460f2e,3,2022-12-22T06:58:47+09:00,17042787951,Order,114-2587024-6220263,FBA-OTG-RCE-CKD-210G,"[OTTOGI] Delicious COOKED RICE, Gluten free, Microwavable instant cooked rice, Precooked ready to eat container (7.40oz., 12 count)",1,amazon.com,Amazon,KINGSTON,WA,98346-9700,26.18,0,0,0,0,0,0,-8.54,0,0,17.64,Invoiced Orders,0,,0,0,0,0
1153,2023-03-07T05:01:29.419+09:00,2023-03-07T05:02:05.856+09:00,3,5c15d817-5a2c-4d77-bec4-80f5a6460f2e,0,2022-12-22T07:15:09+09:00,17042787951,Order,114-2587024-6220263,FBA-OTG-RCE-CKD-210G,"[OTTOGI] Delicious COOKED RICE, Gluten free, Microwavable instant cooked rice, Precooked ready to eat container (7.40oz., 12 count)",1,amazon.com,Amazon,KINGSTON,WA,98346-9700,26.18,0,0,0,0,0,-19.65,-8.54,0,0,-2.01,Invoiced Orders,0,MarketplaceFacilitator,0,0,0,0
1154,2023-03-07T05:01:29.419+09:00,2023-03-07T05:02:05.856+09:00,3,5c15d817-5a2c-4d77-bec4-80f5a6460f2e,0,2022-12-22T07:15:09+09:00,17042787951,Order,114-2587024-6220263,FBA-OTG-RCE-CKD-210G,"[OTTOGI] Delicious COOKED RICE, Gluten free, Microwavable instant cooked rice, Precooked ready to eat container (7.40oz., 12 count)",1,amazon.com,Amazon,KINGSTON,WA,98346-9700,26.18,0,0,0,0,0,0,-8.54,0,0,17.64,Invoiced Orders,0,,0,0,0,0
1155,2023-03-07T05:01:29.419+09:00,2023-03-07T05:02:05.856+09:00,3,5c15d817-5a2c-4d77-bec4-80f5a6460f2e,1,2022-12-22T07:15:09+09:00,17042787951,Order,114-2587024-6220263,FBA-OTG-RCE-CKD-210G,"[OTTOGI] Delicious COOKED RICE, Gluten free, Microwavable instant cooked rice, Precooked ready to eat container (7.40oz., 12 count)",1,amazon.com,Amazon,KINGSTON,WA,98346-9700,26.18,0,0,0,0,0,0,-8.54,0,0,17.64,Invoiced Orders,0,,0,0,0,0
1156,2023-03-07T05:01:29.419+09:00,2023-03-07T05:02:05.856+09:00,3,5c15d817-5a2c-4d77-bec4-80f5a6460f2e,2,2022-12-22T07:15:09+09:00,17042787951,Order,114-2587024-6220263,FBA-OTG-RCE-CKD-210G,"[OTTOGI] Delicious COOKED RICE, Gluten free, Microwavable instant cooked rice, Precooked ready to eat container (7.40oz., 12 count)",1,amazon.com,Amazon,KINGSTON,WA,98346-9700,26.18,0,0,0,0,0,0,-8.54,0,0,17.64,Invoiced Orders,0,,0,0,0,0
1157,2023-03-07T05:01:29.419+09:00,2023-03-07T05:02:05.856+09:00,3,5c15d817-5a2c-4d77-bec4-80f5a6460f2e,3,2022-12-22T07:15:09+09:00,17042787951,Order,114-2587024-6220263,FBA-OTG-RCE-CKD-210G,"[OTTOGI] Delicious COOKED RICE, Gluten free, Microwavable instant cooked rice, Precooked ready to eat container (7.40oz., 12 count)",1,amazon.com,Amazon,KINGSTON,WA,98346-9700,26.18,0,0,0,0,0,0,-8.54,0,0,17.64,Invoiced Orders,0,,0,0,0,0
1158,2023-03-07T05:01:29.419+09:00,2023-03-07T05:02:05.856+09:00,3,5c15d817-5a2c-4d77-bec4-80f5a6460f2e,0,2022-12-22T07:20:44+09:00,17042787951,Order,114-2587024-6220263,FBA-OTG-RCE-CKD-210G,"[OTTOGI] Delicious COOKED RICE, Gluten free, Microwavable instant cooked rice, Precooked ready to eat container (7.40oz., 12 count)",1,amazon.com,Amazon,KINGSTON,WA,98346-9700,26.18,0,0,0,0,0,-19.65,-8.54,0,0,-2.01,Invoiced Orders,0,MarketplaceFacilitator,0,0,0,0
1159,2023-03-07T05:01:29.419+09:00,2023-03-07T05:02:05.856+09:00,3,5c15d817-5a2c-4d77-bec4-80f5a6460f2e,0,2022-12-22T07:20:44+09:00,17042787951,Order,114-2587024-6220263,FBA-OTG-RCE-CKD-210G,"[OTTOGI] Delicious COOKED RICE, Gluten free, Microwavable instant cooked rice, Precooked ready to eat container (7.40oz., 12 count)",1,amazon.com,Amazon,KINGSTON,WA,98346-9700,26.18,0,0,0,0,0,0,-8.54,0,0,17.64,Invoiced Orders,0,,0,0,0,0
1160,2023-03-07T05:01:29.419+09:00,2023-03-07T05:02:05.856+09:00,3,5c15d817-5a2c-4d77-bec4-80f5a6460f2e,1,2022-12-22T07:20:44+09:00,17042787951,Order,114-2587024-6220263,FBA-OTG-RCE-CKD-210G,"[OTTOGI] Delicious COOKED RICE, Gluten free, Microwavable instant cooked rice, Precooked ready to eat container (7.40oz., 12 count)",1,amazon.com,Amazon,KINGSTON,WA,98346-9700,26.18,0,0,0,0,0,0,-8.54,0,0,17.64,Invoiced Orders,0,,0,0,0,0
1161,2023-03-07T05:01:29.419+09:00,2023-03-07T05:02:05.856+09:00,3,5c15d817-5a2c-4d77-bec4-80f5a6460f2e,2,2022-12-22T07:20:44+09:00,17042787951,Order,114-2587024-6220263,FBA-OTG-RCE-CKD-210G,"[OTTOGI] Delicious COOKED RICE, Gluten free, Microwavable instant cooked rice, Precooked ready to eat container (7.40oz., 12 count)",1,amazon.com,Amazon,KINGSTON,WA,98346-9700,26.18,0,0,0,0,0,0,-8.54,0,0,17.64,Invoiced Orders,0,,0,0,0,0
1162,2023-03-07T05:01:29.419+09:00,2023-03-07T05:02:05.856+09:00,3,5c15d817-5a2c-4d77-bec4-80f5a6460f2e,3,2022-12-22T07:20:44+09:00,17042787951,Order,114-2587024-6220263,FBA-OTG-RCE-CKD-210G,"[OTTOGI] Delicious COOKED RICE, Gluten free, Microwavable instant cooked rice, Precooked ready to eat container (7.40oz., 12 count)",1,amazon.com,Amazon,KINGSTON,WA,98346-9700,26.18,0,0,0,0,0,0,-8.54,0,0,17.64,Invoiced Orders,0,,0,0,0,0
1163,2023-03-07T05:01:29.419+09:00,2023-03-07T05:02:05.856+09:00,3,5c15d817-5a2c-4d77-bec4-80f5a6460f2e,0,2022-12-22T20:19:13+09:00,17042787951,Order,113-3647882-3509021,FBA-OTG-RAM-SSME-5PK,"[OTTOGI] Sesame Flavor Ramen, KOREAN STYLE INSTANT NOODLE, Contains Egg Block, Sesame flavor instant noodle (115g) - 5 Pack",2,amazon.com,Amazon,Baltimore,MD,21218,25.86,0,0,0,0,0,-2.06,-13.21,0,0,10.59,Invoiced Orders,0,MarketplaceFacilitator,0,0,0,0
1169,2023-03-07T05:01:29.967+09:00,2023-03-07T05:02:06.467+09:00,3,5c15d817-5a2c-4d77-bec4-80f5a6460f2e,0,2023-01-08T03:11:01+09:00,17209011031,Order,113-5044229-1196263,FBA-OTG-RAM-JINMD-6CUP,"[OTTOGI] Jin Ramen Mild, KOREAN STYLE INSTANT CUP NOODLE, (65g) -6 Pack",1,amazon.com,Amazon,Cambridge,MA,02139,16.11,0,0,0,0,0,-2.42,-7.28,0,0,6.41,Invoiced Orders,0,MarketplaceFacilitator,0,0,0,0
1170,2023-03-07T05:01:29.967+09:00,2023-03-07T05:02:06.467+09:00,3,5c15d817-5a2c-4d77-bec4-80f5a6460f2e,0,2023-01-08T14:11:00+09:00,17209011031,Order,111-4074776-7795459,FBA-OTG-RAM-JINSP-6CUP-2,"[OTTOGI] JIN RAMEN KOREAN STYLE INSTANT NOODLE, RICH SPICY FLAVOR, Instant Cup Ramen, Best tasting soup ramen, traditional gourmet taste & easy to coo",1,amazon.com,Amazon,WEST CHICAGO,IL,60185-2061,16.27,0.15,0,-0.15,0,0,-9.76,-7.28,0,0,-1.13,Invoiced Orders,-0.48,MarketplaceFacilitator,0.12,0,0,0
1171,2023-03-07T05:01:29.967+09:00,2023-03-07T05:02:06.467+09:00,3,5c15d817-5a2c-4d77-bec4-80f5a6460f2e,0,2023-01-08T14:11:00+09:00,17209011031,Order,111-4074776-7795459,FBA-OTG-RAM-JINSP-6CUP-2,"[OTTOGI] JIN RAMEN KOREAN STYLE INSTANT NOODLE, RICH SPICY FLAVOR, Instant Cup Ramen, Best tasting soup ramen, traditional gourmet taste & easy to coo",1,amazon.com,Amazon,WEST CHICAGO,IL,60185-2061,16.27,0.15,0,-0.15,0,0,0,-7.28,0,0,9.11,Invoiced Orders,0,,0.12,0,0,0
1172,2023-03-07T05:01:29.967+09:00,2023-03-07T05:02:06.467+09:00,3,5c15d817-5a2c-4d77-bec4-80f5a6460f2e,1,2023-01-08T14:11:00+09:00,17209011031,Order,111-4074776-7795459,FBA-OTG-RAM-JINSP-6CUP-2,"[OTTOGI] JIN RAMEN KOREAN STYLE INSTANT NOODLE, RICH SPICY FLAVOR, Instant Cup Ramen, Best tasting soup ramen, traditional gourmet taste & easy to coo",1,amazon.com,Amazon,WEST CHICAGO,IL,60185-2061,16.27,0.15,0,-0.15,0,0,0,-7.28,0,0,9.11,Invoiced Orders,0,,0.12,0,0,0
1173,2023-03-07T05:01:29.967+09:00,2023-03-07T05:02:06.467+09:00,3,5c15d817-5a2c-4d77-bec4-80f5a6460f2e,2,2023-01-08T14:11:00+09:00,17209011031,Order,111-4074776-7795459,FBA-OTG-RAM-JINSP-6CUP-2,"[OTTOGI] JIN RAMEN KOREAN STYLE INSTANT NOODLE, RICH SPICY FLAVOR, Instant Cup Ramen, Best tasting soup ramen, traditional gourmet taste & easy to coo",1,amazon.com,Amazon,WEST CHICAGO,IL,60185-2061,16.27,0.15,0,-0.15,0,0,0,-7.28,0,0,9.11,Invoiced Orders,0,,0.12,0,0,0
1174,2023-03-07T05:01:29.967+09:00,2023-03-07T05:02:06.467+09:00,3,5c15d817-5a2c-4d77-bec4-80f5a6460f2e,0,2023-01-08T14:17:32+09:00,17209011031,Order,111-4074776-7795459,FBA-OTG-RAM-JINSP-6CUP-2,"[OTTOGI] JIN RAMEN KOREAN STYLE INSTANT NOODLE, RICH SPICY FLAVOR, Instant Cup Ramen, Best tasting soup ramen, traditional gourmet taste & easy to coo",1,amazon.com,Amazon,WEST CHICAGO,IL,60185-2061,16.27,0.15,0,-0.15,0,0,-14.64,-7.28,0,0,-6.25,Invoiced Orders,-0.72,MarketplaceFacilitator,0.12,0,0,0
1175,2023-03-07T05:01:29.967+09:00,2023-03-07T05:02:06.467+09:00,3,5c15d817-5a2c-4d77-bec4-80f5a6460f2e,0,2023-01-08T14:17:32+09:00,17209011031,Order,111-4074776-7795459,FBA-OTG-RAM-JINSP-6CUP-2,"[OTTOGI] JIN RAMEN KOREAN STYLE INSTANT NOODLE, RICH SPICY FLAVOR, Instant Cup Ramen, Best tasting soup ramen, traditional gourmet taste & easy to coo",1,amazon.com,Amazon,WEST CHICAGO,IL,60185-2061,16.27,0.15,0,-0.15,0,0,0,-7.28,0,0,9.11,Invoiced Orders,0,,0.12,0,0,0
1176,2023-03-07T05:01:29.967+09:00,2023-03-07T05:02:06.467+09:00,3,5c15d817-5a2c-4d77-bec4-80f5a6460f2e,1,2023-01-08T14:17:32+09:00,17209011031,Order,111-4074776-7795459,FBA-OTG-RAM-JINSP-6CUP-2,"[OTTOGI] JIN RAMEN KOREAN STYLE INSTANT NOODLE, RICH SPICY FLAVOR, Instant Cup Ramen, Best tasting soup ramen, traditional gourmet taste & easy to coo",1,amazon.com,Amazon,WEST CHICAGO,IL,60185-2061,16.27,0.15,0,-0.15,0,0,0,-7.28,0,0,9.11,Invoiced Orders,0,,0.12,0,0,0
1177,2023-03-07T05:01:29.967+09:00,2023-03-07T05:02:06.467+09:00,3,5c15d817-5a2c-4d77-bec4-80f5a6460f2e,0,2023-01-08T14:17:32+09:00,17209011031,Order,111-4074776-7795459,FBA-OTG-RAM-JINSP-6CUP-2,"[OTTOGI] JIN RAMEN KOREAN STYLE INSTANT NOODLE, RICH SPICY FLAVOR, Instant Cup Ramen, Best tasting soup ramen, traditional gourmet taste & easy to coo",1,amazon.com,Amazon,WEST CHICAGO,IL,60185-2061,16.27,0.14,0,-0.14,0,0,0,-7.28,0,0,9.11,Invoiced Orders,0,,0.12,0,0,0
1178,2023-03-07T05:01:29.967+09:00,2023-03-07T05:02:06.467+09:00,3,5c15d817-5a2c-4d77-bec4-80f5a6460f2e,2,2023-01-08T14:17:32+09:00,17209011031,Order,111-4074776-7795459,FBA-OTG-RAM-JINSP-6CUP-2,"[OTTOGI] JIN RAMEN KOREAN STYLE INSTANT NOODLE, RICH SPICY FLAVOR, Instant Cup Ramen, Best tasting soup ramen, traditional gourmet taste & easy to coo",1,amazon.com,Amazon,WEST CHICAGO,IL,60185-2061,16.27,0.15,0,-0.15,0,0,0,-7.28,0,0,9.11,Invoiced Orders,0,,0.12,0,0,0
1179,2023-03-07T05:01:29.967+09:00,2023-03-07T05:02:06.467+09:00,3,5c15d817-5a2c-4d77-bec4-80f5a6460f2e,3,2023-01-08T14:17:32+09:00,17209011031,Order,111-4074776-7795459,FBA-OTG-RAM-JINSP-6CUP-2,"[OTTOGI] JIN RAMEN KOREAN STYLE INSTANT NOODLE, RICH SPICY FLAVOR, Instant Cup Ramen, Best tasting soup ramen, traditional gourmet taste & easy to coo",1,amazon.com,Amazon,WEST CHICAGO,IL,60185-2061,16.27,0.15,0,-0.15,0,0,0,-7.28,0,0,9.11,Invoiced Orders,0,,0.12,0,0,0
1180,2023-03-07T05:01:29.967+09:00,2023-03-07T05:02:06.467+09:00,3,5c15d817-5a2c-4d77-bec4-80f5a6460f2e,0,2023-01-10T01:21:40+09:00,17209011031,Order,113-3392936-1126656,FBA-OTG-RCE-CKD-210G,"[OTTOGI] Delicious COOKED RICE, Gluten free, Microwavable instant cooked rice, Precooked ready to eat container (7.40oz., 12 count)",1,amazon.com,Amazon,SOMERSET,NJ,08873-1242,27.29,0,0,0,0,0,-8.18,-8.22,0,0,10.89,Invoiced Orders,0,MarketplaceFacilitator,0,0,0,0
1181,2023-03-07T05:01:29.967+09:00,2023-03-07T05:02:06.467+09:00,3,5c15d817-5a2c-4d77-bec4-80f5a6460f2e,0,2023-01-10T01:21:40+09:00,17209011031,Order,113-3392936-1126656,FBA-OTG-RCE-CKD-210G,"[OTTOGI] Delicious COOKED RICE, Gluten free, Microwavable instant cooked rice, Precooked ready to eat container (7.40oz., 12 count)",1,amazon.com,Amazon,SOMERSET,NJ,08873-1242,27.29,0,0,0,0,0,0,-8.22,0,0,19.07,Invoiced Orders,0,,0,0,0,0
1182,2023-03-07T05:01:29.967+09:00,2023-03-07T05:02:06.467+09:00,3,5c15d817-5a2c-4d77-bec4-80f5a6460f2e,0,2023-01-10T05:26:57+09:00,17209011031,Order,113-6004895-6825012,FBA-OTG-RAM-JINMD-6CUP,"[OTTOGI] Jin Ramen Mild, KOREAN STYLE INSTANT CUP NOODLE, (65g) -6 Pack",1,amazon.com,Amazon,New York,NY,10001,16.15,0,0,0,0,0,-4.84,-7.28,0,0,4.03,Invoiced Orders,0,MarketplaceFacilitator,0,0,0,0
1183,2023-03-07T05:01:29.967+09:00,2023-03-07T05:02:06.467+09:00,3,5c15d817-5a2c-4d77-bec4-80f5a6460f2e,0,2023-01-10T05:26:57+09:00,17209011031,Order,113-6004895-6825012,FBA-OTG-RAM-JINMD-6CUP,"[OTTOGI] Jin Ramen Mild, KOREAN STYLE INSTANT CUP NOODLE, (65g) -6 Pack",1,amazon.com,Amazon,New York,NY,10001,16.15,0,0,0,0,0,0,-7.28,0,0,8.87,Invoiced Orders,0,,0,0,0,0
1184,2023-03-07T05:01:29.967+09:00,2023-03-07T05:02:06.467+09:00,3,5c15d817-5a2c-4d77-bec4-80f5a6460f2e,0,2023-01-11T13:52:18+09:00,17209011031,Order,113-6004895-6825012,FBA-OTG-RAM-JINSP-6CUP-2,"[OTTOGI] JIN RAMEN KOREAN STYLE INSTANT NOODLE, RICH SPICY FLAVOR, Instant Cup Ramen, Best tasting soup ramen, traditional gourmet taste & easy to coo",1,amazon.com,Amazon,New York,NY,10001,16.27,0,0,0,0,0,-4.88,-7.28,0,0,4.11,Invoiced Orders,0,MarketplaceFacilitator,0,0,0,0
1185,2023-03-07T05:01:29.967+09:00,2023-03-07T05:02:06.467+09:00,3,5c15d817-5a2c-4d77-bec4-80f5a6460f2e,0,2023-01-11T13:52:18+09:00,17209011031,Order,113-6004895-6825012,FBA-OTG-RAM-JINSP-6CUP-2,"[OTTOGI] JIN RAMEN KOREAN STYLE INSTANT NOODLE, RICH SPICY FLAVOR, Instant Cup Ramen, Best tasting soup ramen, traditional gourmet taste & easy to coo",1,amazon.com,Amazon,New York,NY,10001,16.27,0,0,0,0,0,0,-7.28,0,0,8.99,Invoiced Orders,0,,0,0,0,0
1186,2023-03-07T05:01:29.967+09:00,2023-03-07T05:02:06.467+09:00,3,5c15d817-5a2c-4d77-bec4-80f5a6460f2e,0,2023-01-12T23:40:45+09:00,17209011031,Order,113-1751584-0861011,FBA-OTG-RAM-CHSE-8PK,"[OTTOGI] Cheese Ramen, KOREAN STYLE INSTANT NOODLE, Rich flavor with savory cheese (111g) - 8 Pack",1,amazon.com,Amazon,SAINT LOUIS,MO,63139-2912,19.18,0,0,0,0,0,-2.88,-7.59,0,0,8.71,Invoiced Orders,0,,0,0,0,0
1187,2023-03-07T05:01:29.967+09:00,2023-03-07T05:02:06.467+09:00,3,5c15d817-5a2c-4d77-bec4-80f5a6460f2e,0,2023-01-13T00:45:37+09:00,17209011031,Order,112-8368313-7613819,FBA-OTG-RAM-JINMD-6CUP,"[OTTOGI] Jin Ramen Mild, KOREAN STYLE INSTANT CUP NOODLE, (65g) -6 Pack",1,amazon.com,Amazon,DORAL,FL,33178-1843,16.07,0,0,0,0,0,-4.82,-7.28,0,0,3.97,Invoiced Orders,0,MarketplaceFacilitator,0,0,0,0
1188,2023-03-07T05:01:29.967+09:00,2023-03-07T05:02:06.467+09:00,3,5c15d817-5a2c-4d77-bec4-80f5a6460f2e,0,2023-01-13T00:45:37+09:00,17209011031,Order,112-8368313-7613819,FBA-OTG-RAM-JINMD-6CUP,"[OTTOGI] Jin Ramen Mild, KOREAN STYLE INSTANT CUP NOODLE, (65g) -6 Pack",1,amazon.com,Amazon,DORAL,FL,33178-1843,16.07,0,0,0,0,0,0,-7.28,0,0,8.79,Invoiced Orders,0,,0,0,0,0
1189,2023-03-07T05:01:29.967+09:00,2023-03-07T05:02:06.467+09:00,3,5c15d817-5a2c-4d77-bec4-80f5a6460f2e,0,2023-01-13T00:47:00+09:00,17209011031,Order,112-8368313-7613819,FBA-OTG-RAM-JINSP-6CUP-2,"[OTTOGI] JIN RAMEN KOREAN STYLE INSTANT NOODLE, RICH SPICY FLAVOR, Instant Cup Ramen, Best tasting soup ramen, traditional gourmet taste & easy to coo",1,amazon.com,Amazon,DORAL,FL,33178-1843,16.27,0,0,0,0,0,-7.32,-7.28,0,0,1.67,Invoiced Orders,0,MarketplaceFacilitator,0,0,0,0
1190,2023-03-07T05:01:29.967+09:00,2023-03-07T05:02:06.467+09:00,3,5c15d817-5a2c-4d77-bec4-80f5a6460f2e,0,2023-01-13T00:47:00+09:00,17209011031,Order,112-8368313-7613819,FBA-OTG-RAM-JINSP-6CUP-2,"[OTTOGI] JIN RAMEN KOREAN STYLE INSTANT NOODLE, RICH SPICY FLAVOR, Instant Cup Ramen, Best tasting soup ramen, traditional gourmet taste & easy to coo",1,amazon.com,Amazon,DORAL,FL,33178-1843,16.27,0,0,0,0,0,0,-7.28,0,0,8.99,Invoiced Orders,0,,0,0,0,0
1191,2023-03-07T05:01:29.967+09:00,2023-03-07T05:02:06.467+09:00,3,5c15d817-5a2c-4d77-bec4-80f5a6460f2e,1,2023-01-13T00:47:00+09:00,17209011031,Order,112-8368313-7613819,FBA-OTG-RAM-JINSP-6CUP-2,"[OTTOGI] JIN RAMEN KOREAN STYLE INSTANT NOODLE, RICH SPICY FLAVOR, Instant Cup Ramen, Best tasting soup ramen, traditional gourmet taste & easy to coo",1,amazon.com,Amazon,DORAL,FL,33178-1843,16.27,0,0,0,0,0,0,-7.28,0,0,8.99,Invoiced Orders,0,,0,0,0,0
